,Ruxolitinib,Bortezomib,Sunitinib,Lapatinib,Selumetinib,Olaparib,TPCA-1,Paclitaxel,SN-38,Gemcitabine,5-Fluorouracil,Afatinib,MK-2206,KU-55933
hF43,-17.471607208251953,2.309187173843384,-6.819766998291016,-5.816912651062012,-2.344160795211792,-9.120291709899902,-3.6486995220184326,0.0958869680762291,-6.538828372955322,-0.8778064846992493,19.92020606994629,8.537334442138672,-10.659849166870117,-19.946001052856445
hF39,-17.471607208251953,2.309187173843384,-6.819766998291016,-5.816912651062012,-2.344160795211792,-9.120291709899902,-3.6486995220184326,0.0958869680762291,-6.538828372955322,-0.8778064846992493,19.92020606994629,8.537334442138672,-10.659849166870117,-19.946001052856445
hT127,-17.471607208251953,2.309187173843384,-6.819766998291016,-5.816912651062012,-2.344160795211792,-9.120291709899902,-3.6486995220184326,0.0958869680762291,-6.538828372955322,-0.8778064846992493,,8.537334442138672,-10.659849166870117,-19.946001052856445
hM19B,-17.471607208251953,2.309187173843384,-6.819766998291016,-5.816912651062012,-2.344160795211792,-9.120291709899902,-3.6486995220184326,0.0958869680762291,-6.538828372955322,-0.8778064846992493,19.92020606994629,8.537334442138672,-10.659849166870117,-19.946001052856445
