,Ruxolitinib,Bortezomib,Sunitinib,Lapatinib,Selumetinib,Olaparib,TPCA-1,Paclitaxel,SN-38,Gemcitabine,5-Fluorouracil,Afatinib,MK-2206,KU-55933
hF2,-2.671529769897461,12.067312240600586,-11.36580753326416,-8.5807523727417,-4.15017557144165,-15.787370681762695,-6.660811901092529,-1.656264612392988e-05,-0.8260859251022339,-3.822136640548706,1.3488396406173706,3.6749932765960693,-5.225672721862793,-6.9653472900390625
hF44,-2.671529769897461,12.067312240600586,-11.36580753326416,-8.5807523727417,-4.15017557144165,-15.787370681762695,-6.660811901092529,-1.656264612392988e-05,-0.8260859251022339,-3.822136640548706,1.3488396406173706,3.6749932765960693,-5.225672721862793,-6.9653472900390625
hT108,-2.671529769897461,12.067312240600586,-11.36580753326416,-8.5807523727417,-4.15017557144165,-15.787370681762695,-6.660811901092529,-1.656264612392988e-05,-0.8260859251022339,-3.822136640548706,1.3488396406173706,3.6749932765960693,-5.225672721862793,-6.9653472900390625
hM17D,-2.671529769897461,12.067312240600586,-11.36580753326416,-8.5807523727417,-4.15017557144165,-15.787370681762695,-6.660811901092529,-1.656264612392988e-05,-0.8260859251022339,-3.822136640548706,1.3488396406173706,3.6749932765960693,-5.225672721862793,-6.9653472900390625
