,Ruxolitinib,Bortezomib,Sunitinib,Lapatinib,Selumetinib,Olaparib,TPCA-1,Paclitaxel,SN-38,Gemcitabine,5-Fluorouracil,Afatinib,MK-2206,KU-55933
hM8,-7.131435871124268,17.309362411499023,-11.95872688293457,-3.015806198120117,-2.8759124279022217,-3.9245173931121826,-6.166725158691406,-0.21544106304645538,-0.9847521781921387,3.564289093017578,1.9200891256332397,0.5475751161575317,-10.536992073059082,-7.241086959838867
hT30,-7.131435871124268,17.309362411499023,-11.95872688293457,-3.015806198120117,-2.8759124279022217,-3.9245173931121826,-6.166725158691406,-0.21544106304645538,-0.9847521781921387,3.564289093017578,1.9200891256332397,0.5475751161575317,-10.536992073059082,-7.241086959838867
hT81,-7.131435871124268,17.309362411499023,-11.95872688293457,-3.015806198120117,-2.8759124279022217,-3.9245173931121826,-6.166725158691406,-0.21544106304645538,-0.9847521781921387,3.564289093017578,1.9200891256332397,0.5475751161575317,-10.536992073059082,-7.241086959838867
hT91,-7.131435871124268,17.309362411499023,-11.95872688293457,-3.015806198120117,-2.8759124279022217,-3.9245173931121826,-6.166725158691406,-0.21544106304645538,-0.9847521781921387,3.564289093017578,1.9200891256332397,0.5475751161575317,-10.536992073059082,-7.241086959838867
