,Ruxolitinib,Bortezomib,Sunitinib,Lapatinib,Selumetinib,Olaparib,TPCA-1,Paclitaxel,SN-38,Gemcitabine,5-Fluorouracil,Afatinib,MK-2206,KU-55933
hF28,-2.0691730976104736,-0.7542546987533569,-7.711635112762451,-4.747158527374268,-4.431329250335693,-9.364293098449707,-13.921262741088867,-6.169749736785889,0.0808546245098114,1.1289314031600952,20.44723892211914,3.9381825923919678,-2.268237590789795,-17.5323486328125
hT93,-2.0691730976104736,-0.7542546987533569,-7.711635112762451,-4.747158527374268,-4.431329250335693,-9.364293098449707,-13.921262741088867,-6.169749736785889,0.0808546245098114,1.1289314031600952,20.44723892211914,3.9381825923919678,-2.268237590789795,-17.5323486328125
hF27,-2.0691730976104736,-0.7542546987533569,-7.711635112762451,-4.747158527374268,-4.431329250335693,-9.364293098449707,-13.921262741088867,-6.169749736785889,0.0808546245098114,1.1289314031600952,20.44723892211914,3.9381825923919678,-2.268237590789795,-17.5323486328125
hT25,-2.0691730976104736,-0.7542546987533569,-7.711635112762451,-4.747158527374268,-4.431329250335693,-9.364293098449707,-13.921262741088867,-6.169749736785889,0.0808546245098114,1.1289314031600952,20.44723892211914,3.9381825923919678,-2.268237590789795,-17.5323486328125
