,Ruxolitinib,Bortezomib,Sunitinib,Lapatinib,Selumetinib,Olaparib,TPCA-1,Paclitaxel,SN-38,Gemcitabine,5-Fluorouracil,Afatinib,MK-2206,KU-55933
hT1,-1.5394225120544434,19.784143447875977,0.6266955137252808,-6.127138614654541,3.1664562225341797,-1.3685355186462402,-3.621347188949585,-0.00814846996217966,2.3507819175720215,-8.25574779510498,-6.393651962280273,-2.758718252182007,8.633787155151367,-12.106050491333008
hT82,-1.5394225120544434,19.784143447875977,0.6266955137252808,-6.127138614654541,3.1664562225341797,-1.3685355186462402,-3.621347188949585,-0.00814846996217966,2.3507819175720215,-8.25574779510498,-6.393651962280273,-2.758718252182007,8.633787155151367,-12.106050491333008
hM1F,-1.5394225120544434,19.784143447875977,0.6266955137252808,-6.127138614654541,3.1664562225341797,-1.3685355186462402,-3.621347188949585,-0.00814846996217966,2.3507819175720215,-8.25574779510498,-6.393651962280273,-2.758718252182007,8.633787155151367,-12.106050491333008
hT123,-1.5394225120544434,19.784143447875977,0.6266955137252808,-6.127138614654541,3.1664562225341797,-1.3685355186462402,-3.621347188949585,-0.00814846996217966,2.3507819175720215,-8.25574779510498,-6.393651962280273,-2.758718252182007,8.633787155151367,-12.106050491333008
hF3,-1.5394225120544434,19.784143447875977,0.6266955137252808,-6.127138614654541,3.1664562225341797,-1.3685355186462402,-3.621347188949585,-0.00814846996217966,2.3507819175720215,-8.25574779510498,-6.393651962280273,-2.758718252182007,8.633787155151367,-12.106050491333008
