,Ruxolitinib,Bortezomib,Sunitinib,Lapatinib,Selumetinib,Olaparib,TPCA-1,Paclitaxel,SN-38,Gemcitabine,5-Fluorouracil,Afatinib,MK-2206,KU-55933
hT60,-1.726431131362915,19.467998504638672,-6.2663140296936035,-14.252618789672852,4.182033061981201,-3.601252555847168,-5.64274263381958,-1.3390358617471065e-05,0.962450385093689,-3.327219247817993,2.592693567276001,7.625617504119873,-1.460296392440796,-9.102628707885742
hF32,-1.726431131362915,19.467998504638672,-6.2663140296936035,-14.252618789672852,4.182033061981201,-3.601252555847168,-5.64274263381958,-1.3390358617471065e-05,0.962450385093689,-3.327219247817993,2.592693567276001,7.625617504119873,-1.460296392440796,-9.102628707885742
hM19D,-1.726431131362915,19.467998504638672,-6.2663140296936035,-14.252618789672852,4.182033061981201,-3.601252555847168,-5.64274263381958,-1.3390358617471065e-05,0.962450385093689,-3.327219247817993,2.592693567276001,7.625617504119873,-1.460296392440796,-9.102628707885742
hT64,-1.726431131362915,19.467998504638672,-6.2663140296936035,-14.252618789672852,4.182033061981201,-3.601252555847168,-5.64274263381958,-1.3390358617471065e-05,0.962450385093689,-3.327219247817993,2.592693567276001,7.625617504119873,-1.460296392440796,-9.102628707885742
