,Ruxolitinib,Bortezomib,Sunitinib,Lapatinib,Selumetinib,Olaparib,TPCA-1,Paclitaxel,SN-38,Gemcitabine,5-Fluorouracil,Afatinib,MK-2206,KU-55933
hT102,-9.701098861114588e-06,15.547351837158203,-1.5895814895629883,-9.621676445007324,-14.959394454956055,-2.867888927459717,-1.0327390432357788,-4.5318145751953125,0.9107272028923035,-6.44451904296875,6.959465026855469,-15.099210739135742,2.872284412384033,-6.275924205780029
hT85,-9.701098861114588e-06,15.547351837158203,-1.5895814895629883,-9.621676445007324,-14.959394454956055,-2.867888927459717,-1.0327390432357788,-4.5318145751953125,0.9107272028923035,-6.44451904296875,6.959465026855469,-15.099210739135742,2.872284412384033,-6.275924205780029
hT105,-9.701098861114588e-06,15.547351837158203,-1.5895814895629883,-9.621676445007324,-14.959394454956055,-2.867888927459717,-1.0327390432357788,-4.5318145751953125,0.9107272028923035,-6.44451904296875,6.959465026855469,-15.099210739135742,2.872284412384033,-6.275924205780029
hF23,-9.701098861114588e-06,15.547351837158203,-1.5895814895629883,-9.621676445007324,-14.959394454956055,-2.867888927459717,-1.0327390432357788,-4.5318145751953125,0.9107272028923035,-6.44451904296875,6.959465026855469,-15.099210739135742,2.872284412384033,-6.275924205780029
