,Ruxolitinib,Bortezomib,Sunitinib,Lapatinib,Selumetinib,Olaparib,TPCA-1,Paclitaxel,SN-38,Gemcitabine,5-Fluorouracil,Afatinib,MK-2206,KU-55933
hF57,-11.704345703125,20.104610443115234,-3.749345064163208,-8.20798110961914,0.38458889722824097,-4.546738147735596,-0.5221816897392273,-1.6772490739822388,1.3330403566360474,3.6327199935913086,-19.640748977661133,4.591818809509277,-2.8258726596832275,-6.934681415557861
hT101,-11.704345703125,20.104610443115234,-3.749345064163208,-8.20798110961914,0.38458889722824097,-4.546738147735596,-0.5221816897392273,-1.6772490739822388,1.3330403566360474,3.6327199935913086,-19.640748977661133,4.591818809509277,-2.8258726596832275,-6.934681415557861
hM19C,-11.704345703125,20.104610443115234,-3.749345064163208,-8.20798110961914,0.38458889722824097,-4.546738147735596,-0.5221816897392273,-1.6772490739822388,1.3330403566360474,3.6327199935913086,-19.640748977661133,4.591818809509277,-2.8258726596832275,-6.934681415557861
hT117,-11.704345703125,20.104610443115234,-3.749345064163208,-8.20798110961914,0.38458889722824097,-4.546738147735596,-0.5221816897392273,-1.6772490739822388,1.3330403566360474,3.6327199935913086,-19.640748977661133,4.591818809509277,-2.8258726596832275,-6.934681415557861
hM1A,-11.704345703125,20.104610443115234,-3.749345064163208,-8.20798110961914,0.38458889722824097,-4.546738147735596,-0.5221816897392273,-1.6772490739822388,1.3330403566360474,3.6327199935913086,-19.640748977661133,4.591818809509277,-2.8258726596832275,-6.934681415557861
