,Ruxolitinib,Bortezomib,Sunitinib,Lapatinib,Selumetinib,Olaparib,TPCA-1,Paclitaxel,SN-38,Gemcitabine,5-Fluorouracil,Afatinib,MK-2206,KU-55933
hT48,-0.5329272150993347,19.038246154785156,-3.961641311645508,-9.619891166687012,-3.836296319961548,-3.7180917263031006,-14.795462608337402,5.432014465332031,1.4694335460662842,3.3949027061462402,0.2703719139099121,-1.857731580734253,-2.5710363388061523,-7.4500226974487305
hM1E,-0.5329272150993347,19.038246154785156,-3.961641311645508,-9.619891166687012,-3.836296319961548,-3.7180917263031006,-14.795462608337402,5.432014465332031,1.4694335460662842,3.3949027061462402,0.2703719139099121,-1.857731580734253,-2.5710363388061523,-7.4500226974487305
hT89,-0.5329272150993347,19.038246154785156,-3.961641311645508,-9.619891166687012,-3.836296319961548,-3.7180917263031006,-14.795462608337402,5.432014465332031,1.4694335460662842,3.3949027061462402,0.2703719139099121,-1.857731580734253,-2.5710363388061523,-7.4500226974487305
hF24,-0.5329272150993347,19.038246154785156,-3.961641311645508,-9.619891166687012,-3.836296319961548,-3.7180917263031006,-14.795462608337402,5.432014465332031,1.4694335460662842,3.3949027061462402,0.2703719139099121,-1.857731580734253,-2.5710363388061523,-7.4500226974487305
