,Ruxolitinib,Bortezomib,Sunitinib,Lapatinib,Selumetinib,Olaparib,TPCA-1,Paclitaxel,SN-38,Gemcitabine,5-Fluorouracil,Afatinib,MK-2206,KU-55933
hM19A,-1.6623352766036987,16.851194381713867,-7.736306190490723,-6.992395877838135,0.7745468616485596,-14.707633018493652,-8.687419891357422,0.001268566120415926,-3.5045878887176514,2.3613595962524414,6.397349834442139,-0.7530519366264343,-2.705906629562378,-16.642004013061523
hT3,-1.6623352766036987,16.851194381713867,-7.736306190490723,-6.992395877838135,0.7745468616485596,-14.707633018493652,-8.687419891357422,0.001268566120415926,-3.5045878887176514,2.3613595962524414,6.397349834442139,-0.7530519366264343,-2.705906629562378,-16.642004013061523
hT98,-1.6623352766036987,16.851194381713867,-7.736306190490723,-6.992395877838135,0.7745468616485596,-14.707633018493652,-8.687419891357422,0.001268566120415926,-3.5045878887176514,2.3613595962524414,6.397349834442139,-0.7530519366264343,-2.705906629562378,-16.642004013061523
hF31,-1.6623352766036987,16.851194381713867,-7.736306190490723,-6.992395877838135,0.7745468616485596,-14.707633018493652,-8.687419891357422,0.001268566120415926,-3.5045878887176514,2.3613595962524414,6.397349834442139,-0.7530519366264343,-2.705906629562378,-16.642004013061523
hF50,-1.6623352766036987,16.851194381713867,-7.736306190490723,-6.992395877838135,0.7745468616485596,-14.707633018493652,-8.687419891357422,0.001268566120415926,-3.5045878887176514,2.3613595962524414,6.397349834442139,-0.7530519366264343,-2.705906629562378,-16.642004013061523
