,Ruxolitinib,Bortezomib,Sunitinib,Lapatinib,Selumetinib,Olaparib,TPCA-1,Paclitaxel,SN-38,Gemcitabine,5-Fluorouracil,Afatinib,MK-2206,KU-55933
hF57,0.04079870134592056,0.5715387463569641,0.08296327292919159,0.07928166538476944,0.10117281228303909,0.05951329320669174,0.07788699865341187,0.2549937963485718,0.2908633053302765,0.2352430820465088,0.09965065866708755,0.17250636219978333,0.09754197299480438,0.05431357026100159
hT101,0.04079870134592056,0.5715387463569641,0.08296427130699158,0.0792822390794754,0.10117557644844055,0.05951383709907532,0.07788778841495514,0.2549947202205658,0.29086410999298096,0.2352445125579834,0.09965232014656067,0.1725080907344818,0.09754642844200134,0.05431471765041351
hM19C,0.04079823940992355,0.5715219974517822,0.08296264708042145,0.07927921414375305,0.10117268562316895,0.05951383709907532,0.07788463681936264,0.25499212741851807,0.2908613085746765,0.23524756729602814,0.09965362399816513,0.17249713838100433,0.0975431352853775,0.05430908501148224
hT117,0.04079844802618027,0.5715219974517822,0.08296406269073486,0.0792820081114769,0.10117468237876892,0.05951383709907532,0.07788658887147903,0.2549915015697479,0.29086026549339294,0.23524311184883118,0.09965232014656067,0.17250777781009674,0.09754292666912079,0.054314590990543365
hM1A,0.04080430418252945,0.5715305805206299,0.08296571671962738,0.07927826046943665,0.10117382556200027,0.05951383709907532,0.07788760960102081,0.2549899220466614,0.2908642292022705,0.23524734377861023,0.09965121746063232,0.17250879108905792,0.09754765778779984,0.054315149784088135
