,Ruxolitinib,Bortezomib,Sunitinib,Lapatinib,Selumetinib,Olaparib,TPCA-1,Paclitaxel,SN-38,Gemcitabine,5-Fluorouracil,Afatinib,MK-2206,KU-55933
hT1,0.047465138137340546,0.5104274749755859,0.08150478452444077,0.08006662130355835,0.10757891833782196,0.06105305254459381,0.07644562423229218,0.26640456914901733,0.2913791537284851,0.24103638529777527,0.1106424331665039,0.1728282868862152,0.10379663109779358,0.05608732998371124
hT82,0.04746923968195915,0.5104485750198364,0.08150379359722137,0.08006888628005981,0.10757885873317719,0.06105557084083557,0.07644838839769363,0.26640623807907104,0.2913922071456909,0.24104177951812744,0.1106443926692009,0.1728273332118988,0.10379261523485184,0.05609288066625595
hM1F,0.04746758192777634,0.5104161500930786,0.08150704205036163,0.08006985485553741,0.10757777839899063,0.061055250465869904,0.07644741237163544,0.26640641689300537,0.29139259457588196,0.241042822599411,0.11064480990171432,0.17283371090888977,0.10380357503890991,0.0560927614569664
hT123,0.04746653512120247,0.510431706905365,0.0815066546201706,0.08006850630044937,0.10757854580879211,0.06105218082666397,0.07644432783126831,0.2664058208465576,0.2913832664489746,0.24104195833206177,0.11064418405294418,0.17283141613006592,0.10379382967948914,0.05608917027711868
hF3,0.04746587574481964,0.5104207992553711,0.08150362223386765,0.08006821572780609,0.10757702589035034,0.061055656522512436,0.07644813507795334,0.2664082646369934,0.2913817763328552,0.24104546010494232,0.11064395308494568,0.17283138632774353,0.10379289835691452,0.05609017610549927
