,Ruxolitinib,Bortezomib,Sunitinib,Lapatinib,Selumetinib,Olaparib,TPCA-1,Paclitaxel,SN-38,Gemcitabine,5-Fluorouracil,Afatinib,MK-2206,KU-55933
hM19A,0.038687996566295624,0.506697416305542,0.07693476974964142,0.07454939931631088,0.1019732803106308,0.04981420934200287,0.06913112848997116,0.2540695071220398,0.28895336389541626,0.23348689079284668,0.11154922842979431,0.15866537392139435,0.09104441106319427,0.05264384299516678
hT3,0.038687996566295624,0.5067063570022583,0.07693463563919067,0.07454799115657806,0.10197286307811737,0.049814626574516296,0.0691312924027443,0.2540699541568756,0.2889598608016968,0.23348915576934814,0.1115514487028122,0.1586611568927765,0.09103990346193314,0.05264486372470856
hT98,0.038687996566295624,0.5066976547241211,0.07693690061569214,0.07455436140298843,0.10197055339813232,0.049814820289611816,0.06913013756275177,0.2540712058544159,0.28895944356918335,0.2334938943386078,0.11155152320861816,0.15866805613040924,0.0910455733537674,0.05264631658792496
hF31,0.038687996566295624,0.5067063570022583,0.07693623006343842,0.07454755157232285,0.10197446495294571,0.049812912940979004,0.06912726163864136,0.2540697157382965,0.2889518737792969,0.23349331319332123,0.1115494966506958,0.1586618721485138,0.09104059636592865,0.052640728652477264
hF50,0.03868924081325531,0.5066887140274048,0.07693664729595184,0.07455113530158997,0.10197294503450394,0.04981578141450882,0.06913334876298904,0.25407105684280396,0.2889561653137207,0.23349535465240479,0.11154967546463013,0.15866465866565704,0.09104308485984802,0.05264929682016373
