,Ruxolitinib,Bortezomib,Sunitinib,Lapatinib,Selumetinib,Olaparib,TPCA-1,Paclitaxel,SN-38,Gemcitabine,5-Fluorouracil,Afatinib,MK-2206,KU-55933
hM8,0.044907212257385254,0.5092953443527222,0.08030922710895538,0.08417379856109619,0.10049917548894882,0.06280062347650528,0.08020560443401337,0.24275299906730652,0.2819446921348572,0.23108549416065216,0.11504799127578735,0.1512155681848526,0.09567975252866745,0.06813643127679825
hT30,0.0449070930480957,0.5093051195144653,0.08031168580055237,0.08416826277971268,0.10049912333488464,0.06279971450567245,0.08020438998937607,0.24274426698684692,0.28194451332092285,0.23109975457191467,0.11504938453435898,0.15121495723724365,0.09568260610103607,0.06813334673643112
hT81,0.04490704834461212,0.5093042850494385,0.0803089588880539,0.08417119830846786,0.10050058364868164,0.06280142813920975,0.08020541071891785,0.24274641275405884,0.28194811940193176,0.23109331727027893,0.11504824459552765,0.1512102633714676,0.09568160027265549,0.06814078986644745
hT91,0.0449070930480957,0.5092986822128296,0.08030785620212555,0.08417069911956787,0.10049901902675629,0.0628003478050232,0.08020462095737457,0.24274888634681702,0.28195056319236755,0.2310878336429596,0.11504805088043213,0.15121924877166748,0.09567845612764359,0.06813940405845642
