,Ruxolitinib,Bortezomib,Sunitinib,Lapatinib,Selumetinib,Olaparib,TPCA-1,Paclitaxel,SN-38,Gemcitabine,5-Fluorouracil,Afatinib,MK-2206,KU-55933
hF43,0.03919424116611481,0.5903207063674927,0.08180460333824158,0.08671097457408905,0.1069224551320076,0.059736039489507675,0.07596918940544128,0.270175963640213,0.29250460863113403,0.2464008629322052,0.11686062067747116,0.17590107023715973,0.1027008444070816,0.050774894654750824
hF39,0.03919946402311325,0.5903017520904541,0.0818013995885849,0.08670882880687714,0.10691986232995987,0.05973515659570694,0.07596254348754883,0.27017083764076233,0.29250362515449524,0.24639955163002014,0.11686151474714279,0.17590045928955078,0.1026996299624443,0.0507751926779747
hT127,0.03919357806444168,0.5903176069259644,0.0818050354719162,0.0867089033126831,0.10692240297794342,0.05973358079791069,0.07596532255411148,0.27017274498939514,0.2925031781196594,0.24639788269996643,,0.17590156197547913,0.10269983112812042,0.0507751926779747
hM19B,0.03919760882854462,0.5903100371360779,0.08180505782365799,0.08671028167009354,0.10692203789949417,0.05973495915532112,0.07596683502197266,0.2701743543148041,0.2925044596195221,0.24639838933944702,0.11686202883720398,0.17589876055717468,0.10270041972398758,0.0507751926779747
