,Ruxolitinib,Bortezomib,Sunitinib,Lapatinib,Selumetinib,Olaparib,TPCA-1,Paclitaxel,SN-38,Gemcitabine,5-Fluorouracil,Afatinib,MK-2206,KU-55933
hF2,-63.553714752197266,16.436622619628906,-19.483415603637695,-17.99063491821289,-9.28918170928955,-36.451473236083984,-24.182973861694336,-4.7940920921973884e-05,1.616179347038269,-1.030808687210083,-6.067375659942627,-2.9649546146392822,-10.488787651062012,-40.952178955078125
hF44,-63.553714752197266,16.436622619628906,-19.483415603637695,-17.99063491821289,-9.28918170928955,-36.451473236083984,-24.182973861694336,-4.7940920921973884e-05,1.616179347038269,-1.030808687210083,-6.067375659942627,-2.9649546146392822,-10.488787651062012,-40.952178955078125
hT108,-63.553714752197266,16.436622619628906,-19.483415603637695,-17.99063491821289,-9.28918170928955,-36.451473236083984,-24.182973861694336,-4.7940920921973884e-05,1.616179347038269,-1.030808687210083,-6.067375659942627,-2.9649546146392822,-10.488787651062012,-40.952178955078125
hM17D,-63.553714752197266,16.436622619628906,-19.483415603637695,-17.99063491821289,-9.28918170928955,-36.451473236083984,-24.182973861694336,-4.7940920921973884e-05,1.616179347038269,-1.030808687210083,-6.067375659942627,-2.9649546146392822,-10.488787651062012,-40.952178955078125
