,Ruxolitinib,Bortezomib,Sunitinib,Lapatinib,Selumetinib,Olaparib,TPCA-1,Paclitaxel,SN-38,Gemcitabine,5-Fluorouracil,Afatinib,MK-2206,KU-55933
hF43,-51.43915557861328,37.895538330078125,-7.995721817016602,-5.972845077514648,-2.44926118850708,-21.76955223083496,-11.976740837097168,2.144746780395508,6.507537364959717,0.7752929925918579,-0.8611131906509399,-2.119208875228651e-05,-3.29824161529541,-33.00712966918945
hF39,-51.43915557861328,37.895538330078125,-7.995721817016602,-5.972845077514648,-2.44926118850708,-21.76955223083496,-11.976740837097168,2.144746780395508,6.507537364959717,0.7752929925918579,-0.8611131906509399,-2.119208875228651e-05,-3.29824161529541,-33.00712966918945
hT127,-51.43915557861328,37.895538330078125,-7.995721817016602,-5.972845077514648,-2.44926118850708,-21.76955223083496,-11.976740837097168,2.144746780395508,6.507537364959717,0.7752929925918579,,-2.119208875228651e-05,-3.29824161529541,-33.00712966918945
hM19B,-51.43915557861328,37.895538330078125,-7.995721817016602,-5.972845077514648,-2.44926118850708,-21.76955223083496,-11.976740837097168,2.144746780395508,6.507537364959717,0.7752929925918579,-0.8611131906509399,-2.119208875228651e-05,-3.29824161529541,-33.00712966918945
