,Ruxolitinib,Bortezomib,Sunitinib,Lapatinib,Selumetinib,Olaparib,TPCA-1,Paclitaxel,SN-38,Gemcitabine,5-Fluorouracil,Afatinib,MK-2206,KU-55933
hM8,-40.269100189208984,29.385786056518555,-10.827963829040527,-8.111202239990234,-3.3953301906585693,-22.32957649230957,-13.00401782989502,1.2719491720199585,5.006569862365723,0.27724432945251465,-1.7674822807312012,-0.6283751130104065,-4.780029296875,-31.391462326049805
hT30,-40.269100189208984,29.385786056518555,-10.827963829040527,-8.111202239990234,-3.3953301906585693,-22.32957649230957,-13.00401782989502,1.2719491720199585,5.006569862365723,0.27724432945251465,-1.7674822807312012,-0.6283751130104065,-4.780029296875,-31.391462326049805
hT81,-40.269100189208984,29.385786056518555,-10.827963829040527,-8.111202239990234,-3.3953301906585693,-22.32957649230957,-13.00401782989502,1.2719491720199585,5.006569862365723,0.27724432945251465,-1.7674822807312012,-0.6283751130104065,-4.780029296875,-31.391462326049805
hT91,-40.269100189208984,29.385786056518555,-10.827963829040527,-8.111202239990234,-3.3953301906585693,-22.32957649230957,-13.00401782989502,1.2719491720199585,5.006569862365723,0.27724432945251465,-1.7674822807312012,-0.6283751130104065,-4.780029296875,-31.391462326049805
