,Ruxolitinib,Bortezomib,Sunitinib,Lapatinib,Selumetinib,Olaparib,TPCA-1,Paclitaxel,SN-38,Gemcitabine,5-Fluorouracil,Afatinib,MK-2206,KU-55933
hF57,-52.44952392578125,26.46871566772461,-11.686509132385254,-11.228537559509277,-3.5850837230682373,-25.856210708618164,-15.87164306640625,0.8826493620872498,3.971386671066284,-3.535442738211714e-05,-4.482905387878418,-1.261017084121704,-4.93363618850708,-36.16441345214844
hT101,-52.44952392578125,26.46871566772461,-11.686509132385254,-11.228537559509277,-3.5850837230682373,-25.856210708618164,-15.87164306640625,0.8826493620872498,3.971386671066284,-3.535442738211714e-05,-4.482905387878418,-1.261017084121704,-4.93363618850708,-36.16441345214844
hM19C,-52.44952392578125,26.46871566772461,-11.686509132385254,-11.228537559509277,-3.5850837230682373,-25.856210708618164,-15.87164306640625,0.8826493620872498,3.971386671066284,-3.535442738211714e-05,-4.482905387878418,-1.261017084121704,-4.93363618850708,-36.16441345214844
hT117,-52.44952392578125,26.46871566772461,-11.686509132385254,-11.228537559509277,-3.5850837230682373,-25.856210708618164,-15.87164306640625,0.8826493620872498,3.971386671066284,-3.535442738211714e-05,-4.482905387878418,-1.261017084121704,-4.93363618850708,-36.16441345214844
hM1A,-52.44952392578125,26.46871566772461,-11.686509132385254,-11.228537559509277,-3.5850837230682373,-25.856210708618164,-15.87164306640625,0.8826493620872498,3.971386671066284,-3.535442738211714e-05,-4.482905387878418,-1.261017084121704,-4.93363618850708,-36.16441345214844
