,Ruxolitinib,Bortezomib,Sunitinib,Lapatinib,Selumetinib,Olaparib,TPCA-1,Paclitaxel,SN-38,Gemcitabine,5-Fluorouracil,Afatinib,MK-2206,KU-55933
hT1,-60.56008529663086,18.41314697265625,-16.194669723510742,-15.820172309875488,-8.088482856750488,-32.951045989990234,-22.72321891784668,0.19289050996303558,1.8733601570129395,-0.8328198194503784,-5.955440044403076,-2.5067124366760254,-8.367627143859863,-39.11976623535156
hT82,-60.56008529663086,18.41314697265625,-16.194669723510742,-15.820172309875488,-8.088482856750488,-32.951045989990234,-22.72321891784668,0.19289050996303558,1.8733601570129395,-0.8328198194503784,-5.955440044403076,-2.5067124366760254,-8.367627143859863,-39.11976623535156
hM1F,-60.56008529663086,18.41314697265625,-16.194669723510742,-15.820172309875488,-8.088482856750488,-32.951045989990234,-22.72321891784668,0.19289050996303558,1.8733601570129395,-0.8328198194503784,-5.955440044403076,-2.5067124366760254,-8.367627143859863,-39.11976623535156
hT123,-60.56008529663086,18.41314697265625,-16.194669723510742,-15.820172309875488,-8.088482856750488,-32.951045989990234,-22.72321891784668,0.19289050996303558,1.8733601570129395,-0.8328198194503784,-5.955440044403076,-2.5067124366760254,-8.367627143859863,-39.11976623535156
hF3,-60.56008529663086,18.41314697265625,-16.194669723510742,-15.820172309875488,-8.088482856750488,-32.951045989990234,-22.72321891784668,0.19289050996303558,1.8733601570129395,-0.8328198194503784,-5.955440044403076,-2.5067124366760254,-8.367627143859863,-39.11976623535156
