,Ruxolitinib,Bortezomib,Sunitinib,Lapatinib,Selumetinib,Olaparib,TPCA-1,Paclitaxel,SN-38,Gemcitabine,5-Fluorouracil,Afatinib,MK-2206,KU-55933
hF28,-55.539283752441406,29.005685806274414,-13.272223472595215,-12.206215858459473,-5.430174827575684,-30.59346580505371,-19.572097778320312,0.9292029142379761,4.267922878265381,-3.468554496066645e-05,-2.8259377479553223,-1.0622133016586304,-6.658627510070801,-38.55156707763672
hT93,-55.539283752441406,29.005685806274414,-13.272223472595215,-12.206215858459473,-5.430174827575684,-30.59346580505371,-19.572097778320312,0.9292029142379761,4.267922878265381,-3.468554496066645e-05,-2.8259377479553223,-1.0622133016586304,-6.658627510070801,-38.55156707763672
hF27,-55.539283752441406,29.005685806274414,-13.272223472595215,-12.206215858459473,-5.430174827575684,-30.59346580505371,-19.572097778320312,0.9292029142379761,4.267922878265381,-3.468554496066645e-05,-2.8259377479553223,-1.0622133016586304,-6.658627510070801,-38.55156707763672
hT25,-55.539283752441406,29.005685806274414,-13.272223472595215,-12.206215858459473,-5.430174827575684,-30.59346580505371,-19.572097778320312,0.9292029142379761,4.267922878265381,-3.468554496066645e-05,-2.8259377479553223,-1.0622133016586304,-6.658627510070801,-38.55156707763672
