,Ruxolitinib,Bortezomib,Sunitinib,Lapatinib,Selumetinib,Olaparib,TPCA-1,Paclitaxel,SN-38,Gemcitabine,5-Fluorouracil,Afatinib,MK-2206,KU-55933
hT48,-37.0728874206543,38.12032699584961,-7.003238201141357,-6.9765238761901855,-2.528801679611206,-19.511720657348633,-11.634429931640625,2.2780611515045166,6.481417179107666,0.8326914310455322,-1.0009559392929077,-2.3271124518942088e-05,-2.725836753845215,-22.231786727905273
hM1E,-37.0728874206543,38.12032699584961,-7.003238201141357,-6.9765238761901855,-2.528801679611206,-19.511720657348633,-11.634429931640625,2.2780611515045166,6.481417179107666,0.8326914310455322,-1.0009559392929077,-2.3271124518942088e-05,-2.725836753845215,-22.231786727905273
hT89,-37.0728874206543,38.12032699584961,-7.003238201141357,-6.9765238761901855,-2.528801679611206,-19.511720657348633,-11.634429931640625,2.2780611515045166,6.481417179107666,0.8326914310455322,-1.0009559392929077,-2.3271124518942088e-05,-2.725836753845215,-22.231786727905273
hF24,-37.0728874206543,38.12032699584961,-7.003238201141357,-6.9765238761901855,-2.528801679611206,-19.511720657348633,-11.634429931640625,2.2780611515045166,6.481417179107666,0.8326914310455322,-1.0009559392929077,-2.3271124518942088e-05,-2.725836753845215,-22.231786727905273
