,Ruxolitinib,Bortezomib,Sunitinib,Lapatinib,Selumetinib,Olaparib,TPCA-1,Paclitaxel,SN-38,Gemcitabine,5-Fluorouracil,Afatinib,MK-2206,KU-55933
hT60,-56.01802062988281,21.873048782348633,-14.573661804199219,-15.96607780456543,-5.514830589294434,-30.5998477935791,-19.5417537689209,0.6015197038650513,2.8047101497650146,-0.23648947477340698,-3.7551867961883545,-1.495438575744629,-7.571055889129639,-35.924522399902344
hF32,-56.01802062988281,21.873048782348633,-14.573661804199219,-15.96607780456543,-5.514830589294434,-30.5998477935791,-19.5417537689209,0.6015197038650513,2.8047101497650146,-0.23648947477340698,-3.7551867961883545,-1.495438575744629,-7.571055889129639,-35.924522399902344
hM19D,-56.01802062988281,21.873048782348633,-14.573661804199219,-15.96607780456543,-5.514830589294434,-30.5998477935791,-19.5417537689209,0.6015197038650513,2.8047101497650146,-0.23648947477340698,-3.7551867961883545,-1.495438575744629,-7.571055889129639,-35.924522399902344
hT64,-56.01802062988281,21.873048782348633,-14.573661804199219,-15.96607780456543,-5.514830589294434,-30.5998477935791,-19.5417537689209,0.6015197038650513,2.8047101497650146,-0.23648947477340698,-3.7551867961883545,-1.495438575744629,-7.571055889129639,-35.924522399902344
