,Ruxolitinib,Bortezomib,Sunitinib,Lapatinib,Selumetinib,Olaparib,TPCA-1,Paclitaxel,SN-38,Gemcitabine,5-Fluorouracil,Afatinib,MK-2206,KU-55933
hT102,-45.273189544677734,36.0185661315918,-7.166532039642334,-7.9916253089904785,-3.1911001205444336,-20.037681579589844,-10.749106407165527,2.169053316116333,6.790867805480957,0.6793409585952759,-1.1055601835250854,-0.07467905431985855,-2.544780731201172,-27.244651794433594
hT85,-45.273189544677734,36.0185661315918,-7.166532039642334,-7.9916253089904785,-3.1911001205444336,-20.037681579589844,-10.749106407165527,2.169053316116333,6.790867805480957,0.6793409585952759,-1.1055601835250854,-0.07467905431985855,-2.544780731201172,-27.244651794433594
hT105,-45.273189544677734,36.0185661315918,-7.166532039642334,-7.9916253089904785,-3.1911001205444336,-20.037681579589844,-10.749106407165527,2.169053316116333,6.790867805480957,0.6793409585952759,-1.1055601835250854,-0.07467905431985855,-2.544780731201172,-27.244651794433594
hF23,-45.273189544677734,36.0185661315918,-7.166532039642334,-7.9916253089904785,-3.1911001205444336,-20.037681579589844,-10.749106407165527,2.169053316116333,6.790867805480957,0.6793409585952759,-1.1055601835250854,-0.07467905431985855,-2.544780731201172,-27.244651794433594
