,Ruxolitinib,Bortezomib,Sunitinib,Lapatinib,Selumetinib,Olaparib,TPCA-1,Paclitaxel,SN-38,Gemcitabine,5-Fluorouracil,Afatinib,MK-2206,KU-55933
hM19A,-52.395572662353516,28.464393615722656,-15.035794258117676,-12.242140769958496,-4.624819755554199,-33.197391510009766,-20.0582218170166,0.8398045897483826,3.787229061126709,-2.7677730031427927e-05,-2.817702054977417,-1.0504350662231445,-7.112609386444092,-40.42890167236328
hT3,-52.395572662353516,28.464393615722656,-15.035794258117676,-12.242140769958496,-4.624819755554199,-33.197391510009766,-20.0582218170166,0.8398045897483826,3.787229061126709,-2.7677730031427927e-05,-2.817702054977417,-1.0504350662231445,-7.112609386444092,-40.42890167236328
hT98,-52.395572662353516,28.464393615722656,-15.035794258117676,-12.242140769958496,-4.624819755554199,-33.197391510009766,-20.0582218170166,0.8398045897483826,3.787229061126709,-2.7677730031427927e-05,-2.817702054977417,-1.0504350662231445,-7.112609386444092,-40.42890167236328
hF31,-52.395572662353516,28.464393615722656,-15.035794258117676,-12.242140769958496,-4.624819755554199,-33.197391510009766,-20.0582218170166,0.8398045897483826,3.787229061126709,-2.7677730031427927e-05,-2.817702054977417,-1.0504350662231445,-7.112609386444092,-40.42890167236328
hF50,-52.395572662353516,28.464393615722656,-15.035794258117676,-12.242140769958496,-4.624819755554199,-33.197391510009766,-20.0582218170166,0.8398045897483826,3.787229061126709,-2.7677730031427927e-05,-2.817702054977417,-1.0504350662231445,-7.112609386444092,-40.42890167236328
