,Ruxolitinib,Bortezomib,Sunitinib,Lapatinib,Selumetinib,Olaparib,TPCA-1,Paclitaxel,SN-38,Gemcitabine,5-Fluorouracil,Afatinib,MK-2206,KU-55933
hT60,1.3508777618408203,1.4302270412445068,1.3147945404052734,1.2849235534667969,1.361006259918213,1.35756254196167,1.3511059284210205,1.2405611276626587,1.3098950386047363,1.3413548469543457,1.2846858501434326,1.3656376600265503,1.3399378061294556,1.2889189720153809
hF32,1.3508777618408203,1.4302270412445068,1.3147945404052734,1.2849235534667969,1.361006259918213,1.35756254196167,1.3511059284210205,1.2405611276626587,1.3098950386047363,1.3413548469543457,1.2846858501434326,1.3656376600265503,1.3399378061294556,1.2889189720153809
hM19D,1.3508777618408203,1.4302270412445068,1.3147945404052734,1.2849235534667969,1.361006259918213,1.35756254196167,1.3511059284210205,1.2405611276626587,1.3098950386047363,1.3413548469543457,1.2846858501434326,1.3656376600265503,1.3399378061294556,1.2889189720153809
hT64,1.3508777618408203,1.4302270412445068,1.3147945404052734,1.2849235534667969,1.361006259918213,1.35756254196167,1.3511059284210205,1.2405611276626587,1.3098950386047363,1.3413548469543457,1.2846858501434326,1.3656376600265503,1.3399378061294556,1.2889189720153809
