,Ruxolitinib,Bortezomib,Sunitinib,Lapatinib,Selumetinib,Olaparib,TPCA-1,Paclitaxel,SN-38,Gemcitabine,5-Fluorouracil,Afatinib,MK-2206,KU-55933
hF43,1.3463982343673706,1.345723032951355,1.3783527612686157,1.4243066310882568,1.3767602443695068,1.3852988481521606,1.414428949356079,1.3898332118988037,1.363680124282837,1.4039530754089355,1.371975064277649,1.4044239521026611,1.3506895303726196,1.336681842803955
hF39,1.3463982343673706,1.345723032951355,1.3783527612686157,1.4243066310882568,1.3767602443695068,1.3852988481521606,1.414428949356079,1.3898332118988037,1.363680124282837,1.4039530754089355,1.371975064277649,1.4044239521026611,1.3506895303726196,1.336681842803955
hT127,1.3463982343673706,1.345723032951355,1.3783527612686157,1.4243066310882568,1.3767602443695068,1.3852988481521606,1.414428949356079,1.3898332118988037,1.363680124282837,1.4039530754089355,,1.4044239521026611,1.3506895303726196,1.336681842803955
hM19B,1.3463982343673706,1.345723032951355,1.3783527612686157,1.4243066310882568,1.3767602443695068,1.3852988481521606,1.414428949356079,1.3898332118988037,1.363680124282837,1.4039530754089355,1.371975064277649,1.4044239521026611,1.3506895303726196,1.336681842803955
