,Ruxolitinib,Bortezomib,Sunitinib,Lapatinib,Selumetinib,Olaparib,TPCA-1,Paclitaxel,SN-38,Gemcitabine,5-Fluorouracil,Afatinib,MK-2206,KU-55933
hM8,1.374563217163086,1.3679156303405762,1.3684455156326294,1.425968885421753,1.3644734621047974,1.3951606750488281,1.3707377910614014,1.2992630004882812,1.3779897689819336,1.4166913032531738,1.3702380657196045,1.3916773796081543,1.3701258897781372,1.366725206375122
hT30,1.374563217163086,1.3679156303405762,1.3684455156326294,1.425968885421753,1.3644734621047974,1.3951606750488281,1.3707377910614014,1.2992630004882812,1.3779897689819336,1.4166913032531738,1.3702380657196045,1.3916773796081543,1.3701258897781372,1.366725206375122
hT81,1.374563217163086,1.3679156303405762,1.3684455156326294,1.425968885421753,1.3644734621047974,1.3951606750488281,1.3707377910614014,1.2992630004882812,1.3779897689819336,1.4166913032531738,1.3702380657196045,1.3916773796081543,1.3701258897781372,1.366725206375122
hT91,1.374563217163086,1.3679156303405762,1.3684455156326294,1.425968885421753,1.3644734621047974,1.3951606750488281,1.3707377910614014,1.2992630004882812,1.3779897689819336,1.4166913032531738,1.3702380657196045,1.3916773796081543,1.3701258897781372,1.366725206375122
