,Ruxolitinib,Bortezomib,Sunitinib,Lapatinib,Selumetinib,Olaparib,TPCA-1,Paclitaxel,SN-38,Gemcitabine,5-Fluorouracil,Afatinib,MK-2206,KU-55933
hM19A,1.3486487865447998,1.36667001247406,1.2855182886123657,1.325829267501831,1.3773682117462158,1.272496223449707,1.2287424802780151,1.274412751197815,1.2868047952651978,1.395437240600586,1.3194025754928589,1.3405758142471313,1.2849462032318115,1.242719292640686
hT3,1.3486487865447998,1.36667001247406,1.2855182886123657,1.325829267501831,1.3773682117462158,1.272496223449707,1.2287424802780151,1.274412751197815,1.2868047952651978,1.395437240600586,1.3194025754928589,1.3405758142471313,1.2849462032318115,1.242719292640686
hT98,1.3486487865447998,1.36667001247406,1.2855182886123657,1.325829267501831,1.3773682117462158,1.272496223449707,1.2287424802780151,1.274412751197815,1.2868047952651978,1.395437240600586,1.3194025754928589,1.3405758142471313,1.2849462032318115,1.242719292640686
hF31,1.3486487865447998,1.36667001247406,1.2855182886123657,1.325829267501831,1.3773682117462158,1.272496223449707,1.2287424802780151,1.274412751197815,1.2868047952651978,1.395437240600586,1.3194025754928589,1.3405758142471313,1.2849462032318115,1.242719292640686
hF50,1.3486487865447998,1.36667001247406,1.2855182886123657,1.325829267501831,1.3773682117462158,1.272496223449707,1.2287424802780151,1.274412751197815,1.2868047952651978,1.395437240600586,1.3194025754928589,1.3405758142471313,1.2849462032318115,1.242719292640686
