,Ruxolitinib,Bortezomib,Sunitinib,Lapatinib,Selumetinib,Olaparib,TPCA-1,Paclitaxel,SN-38,Gemcitabine,5-Fluorouracil,Afatinib,MK-2206,KU-55933
hT1,1.3539581298828125,1.36613130569458,1.3745355606079102,1.3599777221679688,1.3611656427383423,1.368613600730896,1.3629604578018188,1.2528278827667236,1.3298227787017822,1.3000822067260742,1.2497371435165405,1.316693902015686,1.4171379804611206,1.325221300125122
hT82,1.3539581298828125,1.36613130569458,1.3745355606079102,1.3599777221679688,1.3611656427383423,1.368613600730896,1.3629604578018188,1.2528278827667236,1.3298227787017822,1.3000822067260742,1.2497371435165405,1.316693902015686,1.4171379804611206,1.325221300125122
hM1F,1.3539581298828125,1.36613130569458,1.3745355606079102,1.3599777221679688,1.3611656427383423,1.368613600730896,1.3629604578018188,1.2528278827667236,1.3298227787017822,1.3000822067260742,1.2497371435165405,1.316693902015686,1.4171379804611206,1.325221300125122
hT123,1.3539581298828125,1.36613130569458,1.3745355606079102,1.3599777221679688,1.3611656427383423,1.368613600730896,1.3629604578018188,1.2528278827667236,1.3298227787017822,1.3000822067260742,1.2497371435165405,1.316693902015686,1.4171379804611206,1.325221300125122
hF3,1.3539581298828125,1.36613130569458,1.3745355606079102,1.3599777221679688,1.3611656427383423,1.368613600730896,1.3629604578018188,1.2528278827667236,1.3298227787017822,1.3000822067260742,1.2497371435165405,1.316693902015686,1.4171379804611206,1.325221300125122
