,Ruxolitinib,Bortezomib,Sunitinib,Lapatinib,Selumetinib,Olaparib,TPCA-1,Paclitaxel,SN-38,Gemcitabine,5-Fluorouracil,Afatinib,MK-2206,KU-55933
hF2,1.360326886177063,1.3610981702804565,1.309259057044983,1.372175931930542,1.3051140308380127,1.3016633987426758,1.3568170070648193,1.3332568407058716,1.3320459127426147,1.3206400871276855,1.3718230724334717,1.4036592245101929,1.3353934288024902,1.346952199935913
hF44,1.360326886177063,1.3610981702804565,1.309259057044983,1.372175931930542,1.3051140308380127,1.3016633987426758,1.3568170070648193,1.3332568407058716,1.3320459127426147,1.3206400871276855,1.3718230724334717,1.4036592245101929,1.3353934288024902,1.346952199935913
hT108,1.360326886177063,1.3610981702804565,1.309259057044983,1.372175931930542,1.3051140308380127,1.3016633987426758,1.3568170070648193,1.3332568407058716,1.3320459127426147,1.3206400871276855,1.3718230724334717,1.4036592245101929,1.3353934288024902,1.346952199935913
hM17D,1.360326886177063,1.3610981702804565,1.309259057044983,1.372175931930542,1.3051140308380127,1.3016633987426758,1.3568170070648193,1.3332568407058716,1.3320459127426147,1.3206400871276855,1.3718230724334717,1.4036592245101929,1.3353934288024902,1.346952199935913
