,Ruxolitinib,Bortezomib,Sunitinib,Lapatinib,Selumetinib,Olaparib,TPCA-1,Paclitaxel,SN-38,Gemcitabine,5-Fluorouracil,Afatinib,MK-2206,KU-55933
hF57,1.35328209400177,1.3161046504974365,1.4079432487487793,1.379311203956604,1.3685561418533325,1.394219994544983,1.4341261386871338,1.3028002977371216,1.325705885887146,1.3860576152801514,1.1920348405838013,1.4126806259155273,1.410098910331726,1.3680922985076904
hT101,1.35328209400177,1.3161046504974365,1.4079432487487793,1.379311203956604,1.3685561418533325,1.394219994544983,1.4341261386871338,1.3028002977371216,1.325705885887146,1.3860576152801514,1.1920348405838013,1.4126806259155273,1.410098910331726,1.3680922985076904
hM19C,1.35328209400177,1.3161046504974365,1.4079432487487793,1.379311203956604,1.3685561418533325,1.394219994544983,1.4341261386871338,1.3028002977371216,1.325705885887146,1.3860576152801514,1.1920348405838013,1.4126806259155273,1.410098910331726,1.3680922985076904
hT117,1.35328209400177,1.3161046504974365,1.4079432487487793,1.379311203956604,1.3685561418533325,1.394219994544983,1.4341261386871338,1.3028002977371216,1.325705885887146,1.3860576152801514,1.1920348405838013,1.4126806259155273,1.410098910331726,1.3680922985076904
hM1A,1.35328209400177,1.3161046504974365,1.4079432487487793,1.379311203956604,1.3685561418533325,1.394219994544983,1.4341261386871338,1.3028002977371216,1.325705885887146,1.3860576152801514,1.1920348405838013,1.4126806259155273,1.410098910331726,1.3680922985076904
