,Ruxolitinib,Bortezomib,Sunitinib,Lapatinib,Selumetinib,Olaparib,TPCA-1,Paclitaxel,SN-38,Gemcitabine,5-Fluorouracil,Afatinib,MK-2206,KU-55933
hT102,1.407736897468567,1.3898022174835205,1.4050627946853638,1.3849244117736816,1.2957974672317505,1.4097094535827637,1.4215184450149536,1.2867522239685059,1.3418487310409546,1.3248337507247925,1.3873329162597656,1.2900604009628296,1.4386820793151855,1.410024881362915
hT85,1.407736897468567,1.3898022174835205,1.4050627946853638,1.3849244117736816,1.2957974672317505,1.4097094535827637,1.4215184450149536,1.2867522239685059,1.3418487310409546,1.3248337507247925,1.3873329162597656,1.2900604009628296,1.4386820793151855,1.410024881362915
hT105,1.407736897468567,1.3898022174835205,1.4050627946853638,1.3849244117736816,1.2957974672317505,1.4097094535827637,1.4215184450149536,1.2867522239685059,1.3418487310409546,1.3248337507247925,1.3873329162597656,1.2900604009628296,1.4386820793151855,1.410024881362915
hF23,1.407736897468567,1.3898022174835205,1.4050627946853638,1.3849244117736816,1.2957974672317505,1.4097094535827637,1.4215184450149536,1.2867522239685059,1.3418487310409546,1.3248337507247925,1.3873329162597656,1.2900604009628296,1.4386820793151855,1.410024881362915
