,Ruxolitinib,Bortezomib,Sunitinib,Lapatinib,Selumetinib,Olaparib,TPCA-1,Paclitaxel,SN-38,Gemcitabine,5-Fluorouracil,Afatinib,MK-2206,KU-55933
hF28,1.3978769779205322,1.312172293663025,1.3804192543029785,1.411615252494812,1.3862013816833496,1.3690279722213745,1.338823676109314,1.2995954751968384,1.3931599855422974,1.412338376045227,1.4178556203842163,1.409360647201538,1.38350510597229,1.3112807273864746
hT93,1.3978769779205322,1.312172293663025,1.3804192543029785,1.411615252494812,1.3862013816833496,1.3690279722213745,1.338823676109314,1.2995954751968384,1.3931599855422974,1.412338376045227,1.4178556203842163,1.409360647201538,1.38350510597229,1.3112807273864746
hF27,1.3978769779205322,1.312172293663025,1.3804192543029785,1.411615252494812,1.3862013816833496,1.3690279722213745,1.338823676109314,1.2995954751968384,1.3931599855422974,1.412338376045227,1.4178556203842163,1.409360647201538,1.38350510597229,1.3112807273864746
hT25,1.3978769779205322,1.312172293663025,1.3804192543029785,1.411615252494812,1.3862013816833496,1.3690279722213745,1.338823676109314,1.2995954751968384,1.3931599855422974,1.412338376045227,1.4178556203842163,1.409360647201538,1.38350510597229,1.3112807273864746
