,Ruxolitinib,Bortezomib,Sunitinib,Lapatinib,Selumetinib,Olaparib,TPCA-1,Paclitaxel,SN-38,Gemcitabine,5-Fluorouracil,Afatinib,MK-2206,KU-55933
hT48,1.3845508098602295,1.3680245876312256,1.3660900592803955,1.271104097366333,1.2999855279922485,1.3744699954986572,1.301273226737976,1.4038854837417603,1.3738621473312378,1.3890037536621094,1.3129512071609497,1.3432838916778564,1.3519233465194702,1.3399163484573364
hM1E,1.3845508098602295,1.3680245876312256,1.3660900592803955,1.271104097366333,1.2999855279922485,1.3744699954986572,1.301273226737976,1.4038854837417603,1.3738621473312378,1.3890037536621094,1.3129512071609497,1.3432838916778564,1.3519233465194702,1.3399163484573364
hT89,1.3845508098602295,1.3680245876312256,1.3660900592803955,1.271104097366333,1.2999855279922485,1.3744699954986572,1.301273226737976,1.4038854837417603,1.3738621473312378,1.3890037536621094,1.3129512071609497,1.3432838916778564,1.3519233465194702,1.3399163484573364
hF24,1.3845508098602295,1.3680245876312256,1.3660900592803955,1.271104097366333,1.2999855279922485,1.3744699954986572,1.301273226737976,1.4038854837417603,1.3738621473312378,1.3890037536621094,1.3129512071609497,1.3432838916778564,1.3519233465194702,1.3399163484573364
