,Ruxolitinib,Bortezomib,Sunitinib,Lapatinib,Selumetinib,Olaparib,TPCA-1,Paclitaxel,SN-38,Gemcitabine,5-Fluorouracil,Afatinib,MK-2206,KU-55933
hT102,0.0494360476732254,0.5697307586669922,0.08229690045118332,0.08236981928348541,0.0983409434556961,0.06337694823741913,0.07974039018154144,0.24312050640583038,0.27106335759162903,0.22581562399864197,0.11803901195526123,0.15625223517417908,0.10108344256877899,0.060624122619628906
hT85,0.0494360476732254,0.5697307586669922,0.08229690045118332,0.08236981928348541,0.0983409434556961,0.06337694823741913,0.07974039018154144,0.24312050640583038,0.27106335759162903,0.22581562399864197,0.11803901195526123,0.15625223517417908,0.10108344256877899,0.060624122619628906
hT105,0.0494360476732254,0.5697307586669922,0.08229690045118332,0.08236981928348541,0.0983409434556961,0.06337694823741913,0.07974039018154144,0.24312050640583038,0.27106335759162903,0.22581562399864197,0.11803901195526123,0.15625223517417908,0.10108344256877899,0.060624122619628906
hF23,0.0494360476732254,0.5697307586669922,0.08229690045118332,0.08236981928348541,0.0983409434556961,0.06337694823741913,0.07974039018154144,0.24312050640583038,0.27106335759162903,0.22581562399864197,0.11803901195526123,0.15625223517417908,0.10108344256877899,0.060624122619628906
