,Ruxolitinib,Bortezomib,Sunitinib,Lapatinib,Selumetinib,Olaparib,TPCA-1,Paclitaxel,SN-38,Gemcitabine,5-Fluorouracil,Afatinib,MK-2206,KU-55933
hF2,0.05216379463672638,0.5572518110275269,0.08174272626638412,0.08545383810997009,0.1014217883348465,0.05799078941345215,0.07864906638860703,0.2588539719581604,0.27948880195617676,0.23397880792617798,0.11522141098976135,0.17508326470851898,0.09754374623298645,0.058016158640384674
hF44,0.05216379463672638,0.5572518110275269,0.08174272626638412,0.08545383810997009,0.1014217883348465,0.05799078941345215,0.07864906638860703,0.2588539719581604,0.27948880195617676,0.23397880792617798,0.11522141098976135,0.17508326470851898,0.09754374623298645,0.058016158640384674
hT108,0.05216379463672638,0.5572518110275269,0.08174272626638412,0.08545383810997009,0.1014217883348465,0.05799078941345215,0.07864906638860703,0.2588539719581604,0.27948880195617676,0.23397880792617798,0.11522141098976135,0.17508326470851898,0.09754374623298645,0.058016158640384674
hM17D,0.05216379463672638,0.5572518110275269,0.08174272626638412,0.08545383810997009,0.1014217883348465,0.05799078941345215,0.07864906638860703,0.2588539719581604,0.27948880195617676,0.23397880792617798,0.11522141098976135,0.17508326470851898,0.09754374623298645,0.058016158640384674
