,Ruxolitinib,Bortezomib,Sunitinib,Lapatinib,Selumetinib,Olaparib,TPCA-1,Paclitaxel,SN-38,Gemcitabine,5-Fluorouracil,Afatinib,MK-2206,KU-55933
hF57,0.04830481857061386,0.5559164881706238,0.08448688685894012,0.0836128443479538,0.10048983246088028,0.06541658192873001,0.07982146739959717,0.2529330253601074,0.27572953701019287,0.23784379661083221,0.10029973089694977,0.16904152929782867,0.09886205941438675,0.059918493032455444
hT101,0.04830481857061386,0.5559164881706238,0.08448688685894012,0.0836128443479538,0.10048983246088028,0.06541658192873001,0.07982146739959717,0.2529330253601074,0.27572953701019287,0.23784379661083221,0.10029973089694977,0.16904152929782867,0.09886205941438675,0.059918493032455444
hM19C,0.04830481857061386,0.5559164881706238,0.08448688685894012,0.0836128443479538,0.10048983246088028,0.06541658192873001,0.07982146739959717,0.2529330253601074,0.27572953701019287,0.23784379661083221,0.10029973089694977,0.16904152929782867,0.09886205941438675,0.059918493032455444
hT117,0.04830481857061386,0.5559164881706238,0.08448688685894012,0.0836128443479538,0.10048983246088028,0.06541658192873001,0.07982146739959717,0.2529330253601074,0.27572953701019287,0.23784379661083221,0.10029973089694977,0.16904152929782867,0.09886205941438675,0.059918493032455444
hM1A,0.04830481857061386,0.5559164881706238,0.08448688685894012,0.0836128443479538,0.10048983246088028,0.06541658192873001,0.07982146739959717,0.2529330253601074,0.27572953701019287,0.23784379661083221,0.10029973089694977,0.16904152929782867,0.09886205941438675,0.059918493032455444
