,Ruxolitinib,Bortezomib,Sunitinib,Lapatinib,Selumetinib,Olaparib,TPCA-1,Paclitaxel,SN-38,Gemcitabine,5-Fluorouracil,Afatinib,MK-2206,KU-55933
hM19A,0.04627901315689087,0.5819178819656372,0.0782247930765152,0.0791514664888382,0.10370028018951416,0.055801503360271454,0.07120479643344879,0.25613081455230713,0.2784920930862427,0.2412930727005005,0.11118193715810776,0.16340625286102295,0.09072240442037582,0.05422866344451904
hT3,0.04627901315689087,0.5819178819656372,0.0782247930765152,0.0791514664888382,0.10370028018951416,0.055801503360271454,0.07120479643344879,0.25613081455230713,0.2784920930862427,0.2412930727005005,0.11118193715810776,0.16340625286102295,0.09072240442037582,0.05422866344451904
hT98,0.04627901315689087,0.5819178819656372,0.0782247930765152,0.0791514664888382,0.10370028018951416,0.055801503360271454,0.07120479643344879,0.25613081455230713,0.2784920930862427,0.2412930727005005,0.11118193715810776,0.16340625286102295,0.09072240442037582,0.05422866344451904
hF31,0.04627901315689087,0.5819178819656372,0.0782247930765152,0.0791514664888382,0.10370028018951416,0.055801503360271454,0.07120479643344879,0.25613081455230713,0.2784920930862427,0.2412930727005005,0.11118193715810776,0.16340625286102295,0.09072240442037582,0.05422866344451904
hF50,0.04627901315689087,0.5819178819656372,0.0782247930765152,0.0791514664888382,0.10370028018951416,0.055801503360271454,0.07120479643344879,0.25613081455230713,0.2784920930862427,0.2412930727005005,0.11118193715810776,0.16340625286102295,0.09072240442037582,0.05422866344451904
