,Ruxolitinib,Bortezomib,Sunitinib,Lapatinib,Selumetinib,Olaparib,TPCA-1,Paclitaxel,SN-38,Gemcitabine,5-Fluorouracil,Afatinib,MK-2206,KU-55933
hT1,-54.57073211669922,29.981657028198242,-11.45475959777832,-13.190153121948242,-4.949386119842529,-29.105361938476562,-18.128786087036133,0.9031268358230591,3.336266040802002,-2.4570636014686897e-05,-3.2561542987823486,-1.162745475769043,-4.995744705200195,-38.64921569824219
hT82,-54.572792053222656,29.980005264282227,-11.453105926513672,-13.190154075622559,-4.949742317199707,-29.10436248779297,-18.126022338867188,0.9031268358230591,3.336266040802002,-2.4570636014686897e-05,-3.2560958862304688,-1.1627495288848877,-4.995519638061523,-38.63881301879883
hM1F,-54.574951171875,29.980802536010742,-11.453300476074219,-13.19014835357666,-4.949739933013916,-29.10436248779297,-18.126455307006836,0.9030942916870117,3.3362581729888916,-2.4570636014686897e-05,-3.255995750427246,-1.162775993347168,-4.995776176452637,-38.63683319091797
hT123,-54.574951171875,29.980802536010742,-11.453008651733398,-13.190408706665039,-4.949858665466309,-29.10436248779297,-18.128313064575195,0.9031268358230591,3.336266040802002,-2.4570636014686897e-05,-3.2560813426971436,-1.1627495288848877,-4.995793342590332,-38.64422607421875
hF3,-54.57707595825195,29.981651306152344,-11.452669143676758,-13.188751220703125,-4.949985980987549,-29.105361938476562,-18.128135681152344,0.9031268358230591,3.336347818374634,-2.4570636014686897e-05,-3.2561373710632324,-1.162745475769043,-4.99558162689209,-38.64278030395508
