,Ruxolitinib,Bortezomib,Sunitinib,Lapatinib,Selumetinib,Olaparib,TPCA-1,Paclitaxel,SN-38,Gemcitabine,5-Fluorouracil,Afatinib,MK-2206,KU-55933
hM8,-32.118988037109375,41.069923400878906,-5.376739501953125,-4.256755828857422,-1.0795981884002686,-13.23244571685791,-7.843667984008789,3.380746841430664,8.993738174438477,1.4843697547912598,-0.2244143784046173,0.41959744691848755,-1.9095845222473145,-22.632049560546875
hT30,-32.117942810058594,41.06991958618164,-5.376392841339111,-4.256913661956787,-1.0795981884002686,-13.231292724609375,-7.8435282707214355,3.380746841430664,8.993480682373047,1.4843988418579102,-0.2244102656841278,0.41960054636001587,-1.909591555595398,-22.63094711303711
hT81,-32.11899185180664,41.069923400878906,-5.376341819763184,-4.256723403930664,-1.0795981884002686,-13.231293678283691,-7.843755722045898,3.3806071281433105,8.993738174438477,1.4843740463256836,-0.22447098791599274,0.41959667205810547,-1.9095536470413208,-22.632049560546875
hT91,-32.118412017822266,41.069923400878906,-5.376781940460205,-4.256927967071533,-1.0795981884002686,-13.231292724609375,-7.843829154968262,3.3806264400482178,8.993738174438477,1.4843988418579102,-0.22441133856773376,0.41959819197654724,-1.909581184387207,-22.632049560546875
