,Ruxolitinib,Bortezomib,Sunitinib,Lapatinib,Selumetinib,Olaparib,TPCA-1,Paclitaxel,SN-38,Gemcitabine,5-Fluorouracil,Afatinib,MK-2206,KU-55933
hM19A,-42.65204620361328,32.99924087524414,-7.3489508628845215,-6.902735710144043,-2.151794195175171,-22.593008041381836,-12.567464828491211,2.1908788681030273,6.97758150100708,0.7422023415565491,-1.0155820846557617,-2.0688339645857923e-05,-3.4092981815338135,-31.165203094482422
hT3,-42.65205001831055,32.99924087524414,-7.348050594329834,-6.902585983276367,-2.1519229412078857,-22.592988967895508,-12.56744384765625,2.1908788681030273,6.97758150100708,0.7422183156013489,-1.0155794620513916,-2.0688339645857923e-05,-3.4091413021087646,-31.16521644592285
hT98,-42.650108337402344,32.99924087524414,-7.348620891571045,-6.902520656585693,-2.151768684387207,-22.59300422668457,-12.567107200622559,2.190964460372925,6.97758150100708,0.7422076463699341,-1.0155706405639648,-2.0688339645857923e-05,-3.4091944694519043,-31.164154052734375
hF31,-42.65205001831055,32.99924087524414,-7.348071098327637,-6.902635097503662,-2.1519229412078857,-22.592987060546875,-12.567460060119629,2.190937042236328,6.97758150100708,0.7422059178352356,-1.0155880451202393,-2.0688339645857923e-05,-3.4092981815338135,-31.16438102722168
hF50,-42.65204620361328,32.99924087524414,-7.348606586456299,-6.902850151062012,-2.1518325805664062,-22.59300422668457,-12.567718505859375,2.1908860206604004,6.97758150100708,0.7422099113464355,-1.0155764818191528,-2.0688339645857923e-05,-3.4092981815338135,-31.165206909179688
