,Ruxolitinib,Bortezomib,Sunitinib,Lapatinib,Selumetinib,Olaparib,TPCA-1,Paclitaxel,SN-38,Gemcitabine,5-Fluorouracil,Afatinib,MK-2206,KU-55933
hT102,-37.024173736572266,35.590362548828125,-7.121579170227051,-6.546740531921387,-3.235947608947754,-19.281641006469727,-10.950429916381836,2.5292413234710693,7.770524978637695,0.878361701965332,-0.9132817983627319,-2.473686072335113e-05,-2.2948365211486816,-26.70965003967285
hT85,-37.024173736572266,35.590362548828125,-7.121003150939941,-6.546465873718262,-3.235941171646118,-19.278230667114258,-10.949191093444824,2.5291264057159424,7.770203590393066,0.8783546090126038,-0.9132817983627319,-2.473686072335113e-05,-2.294783592224121,-26.707124710083008
hT105,-37.024173736572266,35.590362548828125,-7.120785713195801,-6.546709060668945,-3.236177444458008,-19.280641555786133,-10.949406623840332,2.529201030731201,7.769925594329834,0.8783682584762573,-0.9132532477378845,-2.473686072335113e-05,-2.2947347164154053,-26.70637321472168
hF23,-37.024173736572266,35.590362548828125,-7.121066093444824,-6.547253608703613,-3.236072063446045,-19.281166076660156,-10.95042610168457,2.5292413234710693,7.770337104797363,0.878338634967804,-0.9132817983627319,-2.473686072335113e-05,-2.2948880195617676,-26.708040237426758
