,Ruxolitinib,Bortezomib,Sunitinib,Lapatinib,Selumetinib,Olaparib,TPCA-1,Paclitaxel,SN-38,Gemcitabine,5-Fluorouracil,Afatinib,MK-2206,KU-55933
hF2,-53.934757232666016,25.78015899658203,-16.47856903076172,-13.087398529052734,-6.9597883224487305,-35.21440124511719,-19.002531051635742,0.4959569275379181,3.154602289199829,-0.3675359785556793,-3.82768177986145,-1.7890830039978027,-7.5640435218811035,-36.15038299560547
hF44,-53.934757232666016,25.780017852783203,-16.47856903076172,-13.087030410766602,-6.9597883224487305,-35.21303939819336,-19.00238609313965,0.49595290422439575,3.154548168182373,-0.3675365447998047,-3.82768177986145,-1.7890874147415161,-7.564323902130127,-36.14894485473633
hT108,-53.934757232666016,25.779367446899414,-16.479106903076172,-13.087471008300781,-6.9598069190979,-35.21300506591797,-19.001785278320312,0.4958952069282532,3.154716730117798,-0.3675317168235779,-3.82768177986145,-1.7890706062316895,-7.564338207244873,-36.147926330566406
hM17D,-53.93572235107422,25.78081512451172,-16.479625701904297,-13.087850570678711,-6.9597883224487305,-35.21542739868164,-19.00288963317871,0.49595290422439575,3.154679298400879,-0.36755460500717163,-3.82768177986145,-1.7890881299972534,-7.564310073852539,-36.14965057373047
