,Ruxolitinib,Bortezomib,Sunitinib,Lapatinib,Selumetinib,Olaparib,TPCA-1,Paclitaxel,SN-38,Gemcitabine,5-Fluorouracil,Afatinib,MK-2206,KU-55933
hF28,-34.451622009277344,42.930850982666016,-4.897700786590576,-3.7643685340881348,-0.9531533718109131,-15.88138198852539,-8.109989166259766,3.224853277206421,9.768659591674805,1.5587584972381592,-2.1222820578259416e-05,0.5010204315185547,-1.6273300647735596,-25.18057632446289
hT93,-34.45161437988281,42.93282699584961,-4.89785623550415,-3.7645280361175537,-0.9531533718109131,-15.881396293640137,-8.111065864562988,3.225038766860962,9.768869400024414,1.5588585138320923,-2.1222820578259416e-05,0.501017689704895,-1.6273794174194336,-25.17700958251953
hF27,-34.448883056640625,42.930850982666016,-4.898592472076416,-3.7643685340881348,-0.9531533718109131,-15.881370544433594,-8.110748291015625,3.224807024002075,9.768869400024414,1.5589390993118286,-2.1222820578259416e-05,0.5009917616844177,-1.627359390258789,-25.179325103759766
hT25,-34.45162582397461,42.9329719543457,-4.898592472076416,-3.7645280361175537,-0.9531533718109131,-15.881392478942871,-8.109039306640625,3.2250187397003174,9.768869400024414,1.5588505268096924,-2.1222820578259416e-05,0.501017689704895,-1.6274387836456299,-25.179319381713867
