,Ruxolitinib,Bortezomib,Sunitinib,Lapatinib,Selumetinib,Olaparib,TPCA-1,Paclitaxel,SN-38,Gemcitabine,5-Fluorouracil,Afatinib,MK-2206,KU-55933
hT60,-110.90789031982422,2.1965370178222656,-43.92057418823242,-48.27708435058594,-25.150157928466797,-69.7767105102539,-49.2131233215332,-3.467665910720825,-1.0447360277175903,-6.398097038269043,-19.174470901489258,-11.869282722473145,-28.59482765197754,-88.60070037841797
hF32,-110.90760040283203,2.197242021560669,-43.92243576049805,-48.27450942993164,-25.14945411682129,-69.77891540527344,-49.214073181152344,-3.467665910720825,-1.0447360277175903,-6.398097038269043,-19.174009323120117,-11.869282722473145,-28.59482765197754,-88.59909057617188
hM19D,-110.9075698852539,2.1969094276428223,-43.922481536865234,-48.27583694458008,-25.14945411682129,-69.77667236328125,-49.214073181152344,-3.467651128768921,-1.0447360277175903,-6.398031711578369,-19.1740665435791,-11.869282722473145,-28.594831466674805,-88.60078430175781
hT64,-110.9095230102539,2.1965198516845703,-43.921260833740234,-48.275238037109375,-25.150291442871094,-69.7767105102539,-49.214073181152344,-3.467665910720825,-1.0447360277175903,-6.398067951202393,-19.173076629638672,-11.869282722473145,-28.595170974731445,-88.6007308959961
