,Ruxolitinib,Bortezomib,Sunitinib,Lapatinib,Selumetinib,Olaparib,TPCA-1,Paclitaxel,SN-38,Gemcitabine,5-Fluorouracil,Afatinib,MK-2206,KU-55933
hF43,-40.704063415527344,46.0170783996582,-5.866534233093262,-3.442885160446167,-0.8948982954025269,-15.963549613952637,-7.700809001922607,3.6918797492980957,9.04130744934082,1.6256892681121826,-2.0251518435543403e-05,0.5681743621826172,-1.650732398033142,-27.302732467651367
hF39,-40.704063415527344,46.01327896118164,-5.866279125213623,-3.4427413940429688,-0.8949272036552429,-15.962047576904297,-7.700808048248291,3.6921653747558594,9.041166305541992,1.625686526298523,-2.0251518435543403e-05,0.5681681632995605,-1.6508193016052246,-27.302738189697266
hT127,-40.704063415527344,46.01394271850586,-5.866555213928223,-3.4427289962768555,-0.8950119614601135,-15.9623384475708,-7.700803756713867,3.691802501678467,9.041153907775879,1.625665307044983,,0.5681681632995605,-1.6506520509719849,-27.302736282348633
hM19B,-40.704063415527344,46.01219177246094,-5.8668107986450195,-3.4428675174713135,-0.8949554562568665,-15.962038040161133,-7.700808525085449,3.691938638687134,9.041153907775879,1.6257948875427246,-2.0251518435543403e-05,0.5681681632995605,-1.6509265899658203,-27.30274200439453
