,Ruxolitinib,Bortezomib,Sunitinib,Lapatinib,Selumetinib,Olaparib,TPCA-1,Paclitaxel,SN-38,Gemcitabine,5-Fluorouracil,Afatinib,MK-2206,KU-55933
hF57,-62.50554275512695,21.851642608642578,-14.451229095458984,-17.049331665039062,-6.21064567565918,-31.684480667114258,-20.650053024291992,0.35873115062713623,2.8169844150543213,-0.6320018172264099,-6.7323899269104,-2.3155972957611084,-6.8462677001953125,-41.433467864990234
hT101,-62.505619049072266,21.84964370727539,-14.45046615600586,-17.04871368408203,-6.21064567565918,-31.684110641479492,-20.650293350219727,0.3587014377117157,2.816992998123169,-0.6320333480834961,-6.7323899269104,-2.3156187534332275,-6.846132278442383,-41.43068313598633
hM19C,-62.50564193725586,21.85075569152832,-14.450114250183105,-17.04772186279297,-6.21064567565918,-31.684110641479492,-20.650279998779297,0.3587195873260498,2.816960573196411,-0.6320284008979797,-6.7323899269104,-2.3155972957611084,-6.846109867095947,-41.433467864990234
hT117,-62.50553512573242,21.851659774780273,-14.451087951660156,-17.049053192138672,-6.21064567565918,-31.684480667114258,-20.650279998779297,0.3587127923965454,2.817059278488159,-0.6320204734802246,-6.7323899269104,-2.315607786178589,-6.846290111541748,-41.43205261230469
hM1A,-62.50564193725586,21.851720809936523,-14.451790809631348,-17.04871368408203,-6.21064567565918,-31.684110641479492,-20.65005874633789,0.358731210231781,2.816946506500244,-0.6320030093193054,-6.732491970062256,-2.3156187534332275,-6.8462042808532715,-41.43205261230469
