,Ruxolitinib,Bortezomib,Sunitinib,Lapatinib,Selumetinib,Olaparib,TPCA-1,Paclitaxel,SN-38,Gemcitabine,5-Fluorouracil,Afatinib,MK-2206,KU-55933
hT48,-67.55229187011719,8.452530860900879,-23.36924171447754,-25.71066665649414,-13.642674446105957,-43.86097717285156,-33.06428146362305,-0.6713364124298096,0.8251773715019226,-2.2712631225585938,-8.418290138244629,-5.041886806488037,-14.291682243347168,-50.110755920410156
hM1E,-67.5578384399414,8.452497482299805,-23.36924171447754,-25.71066665649414,-13.642670631408691,-43.861061096191406,-33.06553268432617,-0.6713666319847107,0.8252146244049072,-2.271303653717041,-8.418002128601074,-5.041977405548096,-14.291682243347168,-50.11221694946289
hT89,-67.5532455444336,8.452530860900879,-23.369293212890625,-25.71066665649414,-13.642664909362793,-43.8609504699707,-33.06428146362305,-0.6713590621948242,0.8251248598098755,-2.271303653717041,-8.41771125793457,-5.04191780090332,-14.291722297668457,-50.11221694946289
hF24,-67.55467224121094,8.45165729522705,-23.369293212890625,-25.71066665649414,-13.642670631408691,-43.86262512207031,-33.06428146362305,-0.6713547110557556,0.825124979019165,-2.271303653717041,-8.418002128601074,-5.041944980621338,-14.291714668273926,-50.11221694946289
