,Ruxolitinib,Bortezomib,Sunitinib,Lapatinib,Selumetinib,Olaparib,TPCA-1,Paclitaxel,SN-38,Gemcitabine,5-Fluorouracil,Afatinib,MK-2206,KU-55933
hF57,-11.894238471984863,19.53728485107422,-3.5997190475463867,-6.605706214904785,1.945757269859314,-3.485069751739502,0.5111213326454163,-1.236217975616455,-0.1284567415714264,5.106474876403809,-16.952884674072266,11.931600570678711,-2.4070322513580322,-5.4365410804748535
hT101,-11.894640922546387,19.535633087158203,-3.599729061126709,-6.606034278869629,1.945870280265808,-3.4851181507110596,0.5111483335494995,-1.2362878322601318,-0.12840746343135834,5.106675148010254,-16.956438064575195,11.93165111541748,-2.407257556915283,-5.436127662658691
hM19C,-11.893385887145996,19.535598754882812,-3.599750280380249,-6.605414867401123,1.9457734823226929,-3.485105276107788,0.5111585259437561,-1.2363412380218506,-0.12846608459949493,5.106513977050781,-16.954065322875977,11.93165111541748,-2.406951665878296,-5.43695592880249
hT117,-11.89420223236084,19.535633087158203,-3.5995562076568604,-6.60612678527832,1.9457734823226929,-3.485124111175537,0.5110430717468262,-1.23627769947052,-0.1284286081790924,5.106683731079102,-16.954259872436523,11.93165111541748,-2.4072442054748535,-5.4371562004089355
hM1A,-11.893902778625488,19.535633087158203,-3.5991973876953125,-6.6056694984436035,1.9458595514297485,-3.4850029945373535,0.5110322833061218,-1.236229419708252,-0.1284249871969223,5.106592655181885,-16.956600189208984,11.93165111541748,-2.4072537422180176,-5.43582010269165
