,Ruxolitinib,Bortezomib,Sunitinib,Lapatinib,Selumetinib,Olaparib,TPCA-1,Paclitaxel,SN-38,Gemcitabine,5-Fluorouracil,Afatinib,MK-2206,KU-55933
hF28,-2.793130397796631,-0.8741173148155212,-7.210446357727051,-6.88882303237915,-4.4264326095581055,-9.156229972839355,-15.396448135375977,-7.590692043304443,1.9956265687942505,0.12325706332921982,20.892271041870117,4.319803237915039,-3.1276793479919434,-20.375152587890625
hT93,-2.7933592796325684,-0.8741173148155212,-7.2104926109313965,-6.889052391052246,-4.426269054412842,-9.156556129455566,-15.396448135375977,-7.59061861038208,1.9956265687942505,0.12330319732427597,20.89223861694336,4.319702625274658,-3.127394199371338,-20.372051239013672
hF27,-2.7931764125823975,-0.8741173148155212,-7.210539817810059,-6.888978958129883,-4.426131725311279,-9.15616512298584,-15.396448135375977,-7.590646743774414,1.9956265687942505,0.12332545965909958,20.892271041870117,4.3199543952941895,-3.12760329246521,-20.372026443481445
hT25,-2.793290615081787,-0.8740687966346741,-7.210437297821045,-6.889011383056641,-4.426650524139404,-9.15603256225586,-15.396448135375977,-7.590728759765625,1.9956378936767578,0.12325192987918854,20.8922176361084,4.3197021484375,-3.12750244140625,-20.372053146362305
