,Ruxolitinib,Bortezomib,Sunitinib,Lapatinib,Selumetinib,Olaparib,TPCA-1,Paclitaxel,SN-38,Gemcitabine,5-Fluorouracil,Afatinib,MK-2206,KU-55933
hT60,-5.11051607131958,9.303661346435547,-10.70067310333252,-22.898807525634766,-0.1374647617340088,-10.299925804138184,-8.920858383178711,-1.5688611268997192,-1.3830982446670532,-6.527924537658691,2.958977699279785,0.7442126870155334,-4.531219005584717,-7.992000102996826
hF32,-5.1105756759643555,9.303681373596191,-10.701033592224121,-22.89879608154297,-0.1374836266040802,-10.299925804138184,-8.920858383178711,-1.5689045190811157,-1.383151888847351,-6.527824878692627,2.958977699279785,0.7441598773002625,-4.531214237213135,-7.988199710845947
hM19D,-5.110564708709717,9.303681373596191,-10.701033592224121,-22.89873695373535,-0.13747161626815796,-10.299921989440918,-8.92429256439209,-1.5689457654953003,-1.3831603527069092,-6.52793550491333,2.958977699279785,0.7442345023155212,-4.531468868255615,-7.991540908813477
hT64,-5.110476970672607,9.303681373596191,-10.700631141662598,-22.89873695373535,-0.13743652403354645,-10.299925804138184,-8.9215726852417,-1.5689201354980469,-1.3833057880401611,-6.527924537658691,2.958977699279785,0.744214653968811,-4.531304359436035,-7.990254878997803
