,Ruxolitinib,Bortezomib,Sunitinib,Lapatinib,Selumetinib,Olaparib,TPCA-1,Paclitaxel,SN-38,Gemcitabine,5-Fluorouracil,Afatinib,MK-2206,KU-55933
hM19A,-27.299837112426758,-8.758194923400879,-42.13386154174805,-29.19816017150879,-34.93304443359375,-32.606346130371094,-36.80829620361328,-39.256065368652344,-21.471519470214844,-32.225746154785156,-1.4276738166809082,-40.81364059448242,-40.3636360168457,-29.99201202392578
hT3,-20.659957885742188,-19.53592872619629,-12.22103214263916,-13.149467468261719,-17.21394157409668,-25.798105239868164,-24.527999877929688,-32.406002044677734,-16.874004364013672,-24.758991241455078,-0.8410980701446533,-14.039505004882812,-19.416479110717773,-18.585617065429688
hT98,-20.557151794433594,-19.62592887878418,-12.438997268676758,-13.301231384277344,-17.395465850830078,-25.898462295532227,-24.666263580322266,-32.235877990722656,-16.78731346130371,-24.649110794067383,-0.844276487827301,-14.277643203735352,-19.477840423583984,-18.6568603515625
hF31,-20.1359920501709,-20.483993530273438,-13.24982738494873,-13.525221824645996,-17.513076782226562,-24.539443969726562,-24.488067626953125,-32.5519905090332,-15.180867195129395,-25.97859764099121,-0.830204963684082,-15.761030197143555,-19.6707706451416,-18.09455680847168
hF50,-20.67087173461914,-20.101459503173828,-13.64278507232666,-13.687561988830566,-17.43781089782715,-26.099668502807617,-24.63687515258789,-31.865699768066406,-14.786050796508789,-23.65654754638672,-0.8221617937088013,-14.444219589233398,-20.113786697387695,-18.771190643310547
