,Ruxolitinib,Bortezomib,Sunitinib,Lapatinib,Selumetinib,Olaparib,TPCA-1,Paclitaxel,SN-38,Gemcitabine,5-Fluorouracil,Afatinib,MK-2206,KU-55933
hF2,0.833328902721405,19.699176788330078,-3.9359560012817383,-2.7226409912109375,-1.4092494249343872,-8.100171089172363,-2.446725845336914,3.342808246612549,1.6000920534133911,0.12501047551631927,6.073678016662598,11.330103874206543,-0.7528263926506042,-6.633881092071533
hF44,0.8333308100700378,19.699493408203125,-3.9363112449645996,-2.7221124172210693,-1.4091119766235352,-8.100203514099121,-2.446587324142456,3.3428986072540283,1.6000367403030396,0.12497115135192871,6.073678016662598,11.330108642578125,-0.7530322074890137,-6.634692192077637
hT108,0.8333308100700378,19.69915008544922,-3.935711622238159,-2.722287893295288,-1.4089958667755127,-8.10015869140625,-2.446636438369751,3.3430066108703613,1.6000276803970337,0.12500609457492828,6.073329448699951,11.330090522766113,-0.7529411315917969,-6.634584426879883
hM17D,0.8334000706672668,19.699176788330078,-3.936279773712158,-2.722440242767334,-1.40915048122406,-8.100171089172363,-2.446716070175171,3.342970371246338,1.6000638008117676,0.12500718235969543,6.073353290557861,11.330439567565918,-0.7529227137565613,-6.634025573730469
