,Ruxolitinib,Bortezomib,Sunitinib,Lapatinib,Selumetinib,Olaparib,TPCA-1,Paclitaxel,SN-38,Gemcitabine,5-Fluorouracil,Afatinib,MK-2206,KU-55933
hM8,-7.097419738769531,10.611811637878418,-11.680402755737305,-4.088450908660889,-2.8705391883850098,-4.9915242195129395,-7.668696403503418,-0.5751067996025085,-1.2185883522033691,3.2021307945251465,1.7324601411819458,0.12475886195898056,-8.982063293457031,2.9656364917755127
hT30,-7.096278667449951,10.611746788024902,-11.681557655334473,-4.088474750518799,-2.8707432746887207,-4.991413116455078,-7.668889045715332,-0.5749456882476807,-1.2192072868347168,3.2021355628967285,1.73236083984375,0.12476503103971481,-8.982093811035156,2.965620756149292
hT81,-7.096975803375244,10.611811637878418,-11.680830001831055,-4.0884881019592285,-2.87009859085083,-4.991413116455078,-7.668620586395264,-0.5751423239707947,-1.219101905822754,3.2018866539001465,1.732397437095642,0.12466051429510117,-8.981318473815918,2.9656364917755127
hT91,-7.09666109085083,10.610950469970703,-11.680830001831055,-4.0885539054870605,-2.8699798583984375,-4.991218566894531,-7.668581485748291,-0.5751423239707947,-1.2185866832733154,3.2018887996673584,1.7324470281600952,0.12467870116233826,-8.981706619262695,2.9641098976135254
