,Ruxolitinib,Bortezomib,Sunitinib,Lapatinib,Selumetinib,Olaparib,TPCA-1,Paclitaxel,SN-38,Gemcitabine,5-Fluorouracil,Afatinib,MK-2206,KU-55933
hT1,-3.4621081352233887,12.141176223754883,-1.4304190874099731,-13.11081600189209,-0.32909461855888367,-6.1625800132751465,-6.317389011383057,-3.246250629425049,0.4293827414512634,-14.03524112701416,-13.5037260055542,-6.529531002044678,2.3088207244873047,-21.852100372314453
hT82,-3.462437868118286,12.143117904663086,-1.4306789636611938,-13.111334800720215,-0.3291998505592346,-6.162474632263184,-6.317989349365234,-3.2462406158447266,0.4293566048145294,-14.036957740783691,-13.50377368927002,-6.529348373413086,2.3088598251342773,-21.853342056274414
hM1F,-3.4624414443969727,12.142648696899414,-1.4306210279464722,-13.112017631530762,-0.3291328549385071,-6.162240505218506,-6.318739414215088,-3.2462961673736572,0.4293603301048279,-14.03859806060791,-13.504573822021484,-6.529248237609863,2.3092663288116455,-21.851886749267578
hT123,-3.462412118911743,12.14119815826416,-1.430415153503418,-13.11114501953125,-0.32910990715026855,-6.162005424499512,-6.317953109741211,-3.246194362640381,0.4293484687805176,-14.0357084274292,-13.505200386047363,-6.529416561126709,2.3091330528259277,-21.852096557617188
hF3,-3.4626412391662598,12.143117904663086,-1.430550456047058,-13.112032890319824,-0.3291913866996765,-6.162364482879639,-6.3181915283203125,-3.2462406158447266,0.4293213188648224,-14.035223960876465,-13.501496315002441,-6.5302653312683105,2.30889630317688,-21.853397369384766
