,Ruxolitinib,Bortezomib,Sunitinib,Lapatinib,Selumetinib,Olaparib,TPCA-1,Paclitaxel,SN-38,Gemcitabine,5-Fluorouracil,Afatinib,MK-2206,KU-55933
hF43,-18.541940689086914,1.4450457096099854,-4.213799476623535,-4.774460315704346,-1.4365323781967163,-10.335022926330566,-2.522400379180908,0.24773290753364563,-5.155423641204834,-0.31815004348754883,21.00518798828125,4.418893814086914,-9.379891395568848,-19.985267639160156
hF39,-18.541887283325195,1.4449524879455566,-4.213934898376465,-4.774410247802734,-1.4365180730819702,-10.334924697875977,-2.522435188293457,0.24773290753364563,-5.155423641204834,-0.31815069913864136,21.005199432373047,4.418856143951416,-9.379715919494629,-19.983510971069336
hT127,-18.5418758392334,1.4450455904006958,-4.213916778564453,-4.7744951248168945,-1.4365180730819702,-10.334744453430176,-2.5224218368530273,0.24773290753364563,-5.155420780181885,-0.31814831495285034,,4.418893814086914,-9.380074501037598,-19.985971450805664
hM19B,-18.541919708251953,1.444934606552124,-4.213889122009277,-4.774362564086914,-1.4365184307098389,-10.334753036499023,-2.522491931915283,0.24773290753364563,-5.155405044555664,-0.31816214323043823,21.00690269470215,4.418893814086914,-9.380239486694336,-19.983510971069336
