,Ruxolitinib,Bortezomib,Sunitinib,Lapatinib,Selumetinib,Olaparib,TPCA-1,Paclitaxel,SN-38,Gemcitabine,5-Fluorouracil,Afatinib,MK-2206,KU-55933
hT102,-0.9110623598098755,13.750289916992188,-2.5819931030273438,-13.931632041931152,-16.100053787231445,-4.278488636016846,-2.75791072845459,-3.5121331214904785,0.07781658321619034,-11.262029647827148,4.593815326690674,-17.944618225097656,1.1278266906738281,-10.403569221496582
hT85,-0.9109816551208496,13.750289916992188,-2.581851005554199,-13.931352615356445,-16.099336624145508,-4.278488636016846,-2.7579057216644287,-3.512068510055542,0.0777750089764595,-11.261397361755371,4.5938191413879395,-17.944854736328125,1.1277945041656494,-10.403181076049805
hT105,-0.9109939932823181,13.74931812286377,-2.581752061843872,-13.932565689086914,-16.099342346191406,-4.278250217437744,-2.757796049118042,-3.5121958255767822,0.0777808204293251,-11.26119613647461,4.593484401702881,-17.944917678833008,1.1277945041656494,-10.403377532958984
hF23,-0.911132276058197,13.750113487243652,-2.5818793773651123,-13.932817459106445,-16.10272979736328,-4.278619766235352,-2.757908821105957,-3.5121114253997803,0.07779113203287125,-11.26148796081543,4.5938191413879395,-17.944570541381836,1.127773642539978,-10.403951644897461
