,Ruxolitinib,Bortezomib,Sunitinib,Lapatinib,Selumetinib,Olaparib,TPCA-1,Paclitaxel,SN-38,Gemcitabine,5-Fluorouracil,Afatinib,MK-2206,KU-55933
hT48,-2.008046865463257,10.42724895477295,-7.390275478363037,-13.137575149536133,-4.3459367752075195,-6.211580753326416,-14.290674209594727,3.044537305831909,1.196772813796997,0.005626642145216465,-1.0113701820373535,-3.883044481277466,-4.187226295471191,-5.0367512702941895
hM1E,-2.0079386234283447,10.427027702331543,-7.389899253845215,-13.135773658752441,-4.346120357513428,-6.2113518714904785,-14.290627479553223,3.0437164306640625,1.1967400312423706,0.005612771958112717,-1.0112342834472656,-3.8831467628479004,-4.187244415283203,-5.036345958709717
hT89,-2.0081334114074707,10.427265167236328,-7.39011812210083,-13.134610176086426,-4.346106052398682,-6.211586952209473,-14.29063892364502,3.0445733070373535,1.196772813796997,0.005626935977488756,-1.0112460851669312,-3.8828914165496826,-4.187202453613281,-5.036364555358887
hF24,-2.00807523727417,10.428366661071777,-7.390482425689697,-13.135360717773438,-4.34623908996582,-6.211766242980957,-14.290657997131348,3.0445778369903564,1.1967676877975464,0.005615267436951399,-1.011243224143982,-3.882990837097168,-4.187251091003418,-5.036591529846191
