,Ruxolitinib,Bortezomib,Sunitinib,Lapatinib,Selumetinib,Olaparib,TPCA-1,Paclitaxel,SN-38,Gemcitabine,5-Fluorouracil,Afatinib,MK-2206,KU-55933
hF2,0.050799474120140076,0.3899396061897278,0.08257225155830383,0.0777558833360672,0.11129695177078247,0.06132359802722931,0.08591967821121216,0.26527369022369385,0.2845185399055481,0.23878799378871918,0.11463712900876999,0.13081790506839752,0.09783396869897842,0.07464884221553802
hF44,0.050799474120140076,0.3899396061897278,0.08257225155830383,0.0777558833360672,0.11129695177078247,0.06132359802722931,0.08591967821121216,0.26527369022369385,0.2845185399055481,0.23878799378871918,0.11463712900876999,0.13081790506839752,0.09783396869897842,0.07464884221553802
hT108,0.050799474120140076,0.3899396061897278,0.08257225155830383,0.0777558833360672,0.11129695177078247,0.06132359802722931,0.08591967821121216,0.26527369022369385,0.2845185399055481,0.23878799378871918,0.11463712900876999,0.13081790506839752,0.09783396869897842,0.07464884221553802
hM17D,0.050799474120140076,0.3899396061897278,0.08257225155830383,0.0777558833360672,0.11129695177078247,0.06132359802722931,0.08591967821121216,0.26527369022369385,0.2845185399055481,0.23878799378871918,0.11463712900876999,0.13081790506839752,0.09783396869897842,0.07464884221553802
