,Ruxolitinib,Bortezomib,Sunitinib,Lapatinib,Selumetinib,Olaparib,TPCA-1,Paclitaxel,SN-38,Gemcitabine,5-Fluorouracil,Afatinib,MK-2206,KU-55933
hT102,0.04444431513547897,0.5383086204528809,0.07778307795524597,0.07605727016925812,0.09686407446861267,0.05725588649511337,0.07416842132806778,0.2451394498348236,0.2879801392555237,0.21931050717830658,0.11156563460826874,0.14389263093471527,0.09931372106075287,0.05514397472143173
hT85,0.04444431513547897,0.5383086204528809,0.07778307795524597,0.07605727016925812,0.09686407446861267,0.05725588649511337,0.07416842132806778,0.2451394498348236,0.2879801392555237,0.21931050717830658,0.11156563460826874,0.14389263093471527,0.09931372106075287,0.05514397472143173
hT105,0.04444431513547897,0.5383086204528809,0.07778307795524597,0.07605727016925812,0.09686407446861267,0.05725588649511337,0.07416842132806778,0.2451394498348236,0.2879801392555237,0.21931050717830658,0.11156563460826874,0.14389263093471527,0.09931372106075287,0.05514397472143173
hF23,0.04444431513547897,0.5383086204528809,0.07778307795524597,0.07605727016925812,0.09686407446861267,0.05725588649511337,0.07416842132806778,0.2451394498348236,0.2879801392555237,0.21931050717830658,0.11156563460826874,0.14389263093471527,0.09931372106075287,0.05514397472143173
