,Ruxolitinib,Bortezomib,Sunitinib,Lapatinib,Selumetinib,Olaparib,TPCA-1,Paclitaxel,SN-38,Gemcitabine,5-Fluorouracil,Afatinib,MK-2206,KU-55933
hT1,0.04816887527704239,0.49914658069610596,0.0820007473230362,0.07851327210664749,0.10204935073852539,0.06038657948374748,0.0718587264418602,0.2583785057067871,0.2876876890659332,0.23566217720508575,0.10666194558143616,0.12362532317638397,0.09783098101615906,0.05616413801908493
hT82,0.04816887527704239,0.49914658069610596,0.0820007473230362,0.07851327210664749,0.10204935073852539,0.06038657948374748,0.0718587264418602,0.2583785057067871,0.2876876890659332,0.23566217720508575,0.10666194558143616,0.12362532317638397,0.09783098101615906,0.05616413801908493
hM1F,0.04816887527704239,0.49914658069610596,0.0820007473230362,0.07851327210664749,0.10204935073852539,0.06038657948374748,0.0718587264418602,0.2583785057067871,0.2876876890659332,0.23566217720508575,0.10666194558143616,0.12362532317638397,0.09783098101615906,0.05616413801908493
hT123,0.04816887527704239,0.49914658069610596,0.0820007473230362,0.07851327210664749,0.10204935073852539,0.06038657948374748,0.0718587264418602,0.2583785057067871,0.2876876890659332,0.23566217720508575,0.10666194558143616,0.12362532317638397,0.09783098101615906,0.05616413801908493
hF3,0.04816887527704239,0.49914658069610596,0.0820007473230362,0.07851327210664749,0.10204935073852539,0.06038657948374748,0.0718587264418602,0.2583785057067871,0.2876876890659332,0.23566217720508575,0.10666194558143616,0.12362532317638397,0.09783098101615906,0.05616413801908493
