,Ruxolitinib,Bortezomib,Sunitinib,Lapatinib,Selumetinib,Olaparib,TPCA-1,Paclitaxel,SN-38,Gemcitabine,5-Fluorouracil,Afatinib,MK-2206,KU-55933
hF43,0.03684292733669281,0.6084994673728943,0.08104261755943298,0.0858619213104248,0.1067846268415451,0.058310650289058685,0.07569633424282074,0.2708602547645569,0.2950173616409302,0.24683085083961487,0.1170942485332489,0.18226885795593262,0.10237108170986176,0.048663195222616196
hF39,0.03684292733669281,0.6084994673728943,0.08104261755943298,0.0858619213104248,0.1067846268415451,0.058310650289058685,0.07569633424282074,0.2708602547645569,0.2950173616409302,0.24683085083961487,0.1170942485332489,0.18226885795593262,0.10237108170986176,0.048663195222616196
hT127,0.03684292733669281,0.6084994673728943,0.08104261755943298,0.0858619213104248,0.1067846268415451,0.058310650289058685,0.07569633424282074,0.2708602547645569,0.2950173616409302,0.24683085083961487,,0.18226885795593262,0.10237108170986176,0.048663195222616196
hM19B,0.03684292733669281,0.6084994673728943,0.08104261755943298,0.0858619213104248,0.1067846268415451,0.058310650289058685,0.07569633424282074,0.2708602547645569,0.2950173616409302,0.24683085083961487,0.1170942485332489,0.18226885795593262,0.10237108170986176,0.048663195222616196
