,Ruxolitinib,Bortezomib,Sunitinib,Lapatinib,Selumetinib,Olaparib,TPCA-1,Paclitaxel,SN-38,Gemcitabine,5-Fluorouracil,Afatinib,MK-2206,KU-55933
hF57,0.041135482490062714,0.5545841455459595,0.0806993916630745,0.07983649522066116,0.10116265714168549,0.059985969215631485,0.07662937045097351,0.2571744918823242,0.2844145894050598,0.24112455546855927,0.10114649683237076,0.17415851354599,0.09945347905158997,0.053581804037094116
hT101,0.041135482490062714,0.5545841455459595,0.0806993916630745,0.07983649522066116,0.10116265714168549,0.059985969215631485,0.07662937045097351,0.2571744918823242,0.2844145894050598,0.24112455546855927,0.10114649683237076,0.17415851354599,0.09945347905158997,0.053581804037094116
hM19C,0.041135482490062714,0.5545841455459595,0.0806993916630745,0.07983649522066116,0.10116265714168549,0.059985969215631485,0.07662937045097351,0.2571744918823242,0.2844145894050598,0.24112455546855927,0.10114649683237076,0.17415851354599,0.09945347905158997,0.053581804037094116
hT117,0.041135482490062714,0.5545841455459595,0.0806993916630745,0.07983649522066116,0.10116265714168549,0.059985969215631485,0.07662937045097351,0.2571744918823242,0.2844145894050598,0.24112455546855927,0.10114649683237076,0.17415851354599,0.09945347905158997,0.053581804037094116
hM1A,0.041135482490062714,0.5545841455459595,0.0806993916630745,0.07983649522066116,0.10116265714168549,0.059985969215631485,0.07662937045097351,0.2571744918823242,0.2844145894050598,0.24112455546855927,0.10114649683237076,0.17415851354599,0.09945347905158997,0.053581804037094116
