,Ruxolitinib,Bortezomib,Sunitinib,Lapatinib,Selumetinib,Olaparib,TPCA-1,Paclitaxel,SN-38,Gemcitabine,5-Fluorouracil,Afatinib,MK-2206,KU-55933
hM8,0.044725269079208374,0.5712521076202393,0.0833095982670784,0.08576257526874542,0.09857948124408722,0.06463398784399033,0.07360650599002838,0.2578262686729431,0.2867623567581177,0.23916126787662506,0.12818078696727753,0.17620918154716492,0.09597598016262054,0.0619790256023407
hT30,0.044725269079208374,0.5712521076202393,0.0833095982670784,0.08576257526874542,0.09857948124408722,0.06463398784399033,0.07360650599002838,0.2578262686729431,0.2867623567581177,0.23916126787662506,0.12818078696727753,0.17620918154716492,0.09597598016262054,0.0619790256023407
hT81,0.044725269079208374,0.5712521076202393,0.0833095982670784,0.08576257526874542,0.09857948124408722,0.06463398784399033,0.07360650599002838,0.2578262686729431,0.2867623567581177,0.23916126787662506,0.12818078696727753,0.17620918154716492,0.09597598016262054,0.0619790256023407
hT91,0.044725269079208374,0.5712521076202393,0.0833095982670784,0.08576257526874542,0.09857948124408722,0.06463398784399033,0.07360650599002838,0.2578262686729431,0.2867623567581177,0.23916126787662506,0.12818078696727753,0.17620918154716492,0.09597598016262054,0.0619790256023407
