,Ruxolitinib,Bortezomib,Sunitinib,Lapatinib,Selumetinib,Olaparib,TPCA-1,Paclitaxel,SN-38,Gemcitabine,5-Fluorouracil,Afatinib,MK-2206,KU-55933
hF43,1.349830150604248,1.3501073122024536,1.37773597240448,1.4179573059082031,1.3758258819580078,1.3833894729614258,1.4052784442901611,1.382298231124878,1.356844425201416,1.3957010507583618,1.3711471557617188,1.3931982517242432,1.3519630432128906,1.3430005311965942
hF39,1.349830150604248,1.3501073122024536,1.37773597240448,1.4179573059082031,1.3758258819580078,1.3833894729614258,1.4052784442901611,1.382298231124878,1.356844425201416,1.3957010507583618,1.3711471557617188,1.3931982517242432,1.3519630432128906,1.3430005311965942
hT127,1.349830150604248,1.3501073122024536,1.37773597240448,1.4179573059082031,1.3758258819580078,1.3833894729614258,1.4052784442901611,1.382298231124878,1.356844425201416,1.3957010507583618,,1.3931982517242432,1.3519630432128906,1.3430005311965942
hM19B,1.349830150604248,1.3501073122024536,1.37773597240448,1.4179573059082031,1.3758258819580078,1.3833894729614258,1.4052784442901611,1.382298231124878,1.356844425201416,1.3957010507583618,1.3711471557617188,1.3931982517242432,1.3519630432128906,1.3430005311965942
