,Ruxolitinib,Bortezomib,Sunitinib,Lapatinib,Selumetinib,Olaparib,TPCA-1,Paclitaxel,SN-38,Gemcitabine,5-Fluorouracil,Afatinib,MK-2206,KU-55933
hF28,1.3765144348144531,1.2582852840423584,1.370380163192749,1.388364315032959,1.370460033416748,1.3604466915130615,1.321251392364502,1.2751269340515137,1.376424789428711,1.3836838006973267,1.4014664888381958,1.396627426147461,1.370725154876709,1.2441046237945557
hT93,1.3765144348144531,1.2582852840423584,1.370380163192749,1.388364315032959,1.370460033416748,1.3604466915130615,1.321251392364502,1.2751269340515137,1.376424789428711,1.3836838006973267,1.4014664888381958,1.396627426147461,1.370725154876709,1.2441046237945557
hF27,1.3765144348144531,1.2582852840423584,1.370380163192749,1.388364315032959,1.370460033416748,1.3604466915130615,1.321251392364502,1.2751269340515137,1.376424789428711,1.3836838006973267,1.4014664888381958,1.396627426147461,1.370725154876709,1.2441046237945557
hT25,1.3765144348144531,1.2582852840423584,1.370380163192749,1.388364315032959,1.370460033416748,1.3604466915130615,1.321251392364502,1.2751269340515137,1.376424789428711,1.3836838006973267,1.4014664888381958,1.396627426147461,1.370725154876709,1.2441046237945557
