,Ruxolitinib,Bortezomib,Sunitinib,Lapatinib,Selumetinib,Olaparib,TPCA-1,Paclitaxel,SN-38,Gemcitabine,5-Fluorouracil,Afatinib,MK-2206,KU-55933
hT1,1.3488154411315918,1.3551504611968994,1.3551504611968994,1.3552008867263794,1.3533751964569092,1.3546792268753052,1.3551504611968994,1.2784368991851807,1.3332616090774536,1.2815202474594116,1.2581653594970703,1.3282119035720825,1.3728399276733398,1.318229079246521
hT82,1.3488154411315918,1.3551504611968994,1.3551504611968994,1.3552008867263794,1.3533751964569092,1.3546792268753052,1.3551504611968994,1.2784368991851807,1.3332616090774536,1.2815202474594116,1.2581653594970703,1.3282119035720825,1.3728399276733398,1.318229079246521
hM1F,1.3488154411315918,1.3551504611968994,1.3551504611968994,1.3552008867263794,1.3533751964569092,1.3546792268753052,1.3551504611968994,1.2784368991851807,1.3332616090774536,1.2815202474594116,1.2581653594970703,1.3282119035720825,1.3728399276733398,1.318229079246521
hT123,1.3488154411315918,1.3551504611968994,1.3551504611968994,1.3552008867263794,1.3533751964569092,1.3546792268753052,1.3551504611968994,1.2784368991851807,1.3332616090774536,1.2815202474594116,1.2581653594970703,1.3282119035720825,1.3728399276733398,1.318229079246521
hF3,1.3488154411315918,1.3551504611968994,1.3551504611968994,1.3552008867263794,1.3533751964569092,1.3546792268753052,1.3551504611968994,1.2784368991851807,1.3332616090774536,1.2815202474594116,1.2581653594970703,1.3282119035720825,1.3728399276733398,1.318229079246521
