,Ruxolitinib,Bortezomib,Sunitinib,Lapatinib,Selumetinib,Olaparib,TPCA-1,Paclitaxel,SN-38,Gemcitabine,5-Fluorouracil,Afatinib,MK-2206,KU-55933
hT60,1.3638488054275513,1.3891642093658447,1.345541000366211,1.325458288192749,1.3688583374023438,1.3697925806045532,1.367111086845398,1.3340840339660645,1.3494809865951538,1.352739930152893,1.3430079221725464,1.3686505556106567,1.3512287139892578,1.3363676071166992
hF32,1.3638488054275513,1.3891642093658447,1.345541000366211,1.325458288192749,1.3688583374023438,1.3697925806045532,1.367111086845398,1.3340840339660645,1.3494809865951538,1.352739930152893,1.3430079221725464,1.3686505556106567,1.3512287139892578,1.3363676071166992
hM19D,1.3638488054275513,1.3891642093658447,1.345541000366211,1.325458288192749,1.3688583374023438,1.3697925806045532,1.367111086845398,1.3340840339660645,1.3494809865951538,1.352739930152893,1.3430079221725464,1.3686505556106567,1.3512287139892578,1.3363676071166992
hT64,1.3638488054275513,1.3891642093658447,1.345541000366211,1.325458288192749,1.3688583374023438,1.3697925806045532,1.367111086845398,1.3340840339660645,1.3494809865951538,1.352739930152893,1.3430079221725464,1.3686505556106567,1.3512287139892578,1.3363676071166992
