,Ruxolitinib,Bortezomib,Sunitinib,Lapatinib,Selumetinib,Olaparib,TPCA-1,Paclitaxel,SN-38,Gemcitabine,5-Fluorouracil,Afatinib,MK-2206,KU-55933
hM19A,1.331744909286499,1.3337891101837158,1.2983405590057373,1.2838550806045532,1.3571014404296875,1.2702137231826782,1.204704761505127,1.2744386196136475,1.2991365194320679,1.345607876777649,1.3438847064971924,1.327087640762329,1.3023141622543335,1.2018673419952393
hT3,1.331744909286499,1.3337891101837158,1.2983405590057373,1.2838550806045532,1.3571014404296875,1.2702137231826782,1.204704761505127,1.2744386196136475,1.2991365194320679,1.345607876777649,1.3438847064971924,1.327087640762329,1.3023141622543335,1.2018673419952393
hT98,1.331744909286499,1.3337891101837158,1.2983405590057373,1.2838550806045532,1.3571014404296875,1.2702137231826782,1.204704761505127,1.2744386196136475,1.2991365194320679,1.345607876777649,1.3438847064971924,1.327087640762329,1.3023141622543335,1.2018673419952393
hF31,1.331744909286499,1.3337891101837158,1.2983405590057373,1.2838550806045532,1.3571014404296875,1.2702137231826782,1.204704761505127,1.2744386196136475,1.2991365194320679,1.345607876777649,1.3438847064971924,1.327087640762329,1.3023141622543335,1.2018673419952393
hF50,1.331744909286499,1.3337891101837158,1.2983405590057373,1.2838550806045532,1.3571014404296875,1.2702137231826782,1.204704761505127,1.2744386196136475,1.2991365194320679,1.345607876777649,1.3438847064971924,1.327087640762329,1.3023141622543335,1.2018673419952393
