,Ruxolitinib,Bortezomib,Sunitinib,Lapatinib,Selumetinib,Olaparib,TPCA-1,Paclitaxel,SN-38,Gemcitabine,5-Fluorouracil,Afatinib,MK-2206,KU-55933
hT102,1.398898720741272,1.3923275470733643,1.397051215171814,1.3855726718902588,1.2937288284301758,1.399849772453308,1.3993639945983887,1.2937288284301758,1.3387324810028076,1.3058258295059204,1.3982415199279785,1.294832468032837,1.410425066947937,1.3994048833847046
hT85,1.398898720741272,1.3923275470733643,1.397051215171814,1.3855726718902588,1.2937288284301758,1.399849772453308,1.3993639945983887,1.2937288284301758,1.3387324810028076,1.3058258295059204,1.3982415199279785,1.294832468032837,1.410425066947937,1.3994048833847046
hT105,1.398898720741272,1.3923275470733643,1.397051215171814,1.3855726718902588,1.2937288284301758,1.399849772453308,1.3993639945983887,1.2937288284301758,1.3387324810028076,1.3058258295059204,1.3982415199279785,1.294832468032837,1.410425066947937,1.3994048833847046
hF23,1.398898720741272,1.3923275470733643,1.397051215171814,1.3855726718902588,1.2937288284301758,1.399849772453308,1.3993639945983887,1.2937288284301758,1.3387324810028076,1.3058258295059204,1.3982415199279785,1.294832468032837,1.410425066947937,1.3994048833847046
