,Ruxolitinib,Bortezomib,Sunitinib,Lapatinib,Selumetinib,Olaparib,TPCA-1,Paclitaxel,SN-38,Gemcitabine,5-Fluorouracil,Afatinib,MK-2206,KU-55933
hM8,1.3575384616851807,1.3034536838531494,1.3479280471801758,1.3673105239868164,1.3535232543945312,1.3623182773590088,1.3561517000198364,1.3312523365020752,1.3555833101272583,1.3747916221618652,1.3571267127990723,1.3614873886108398,1.3506234884262085,1.2889368534088135
hT30,1.3575384616851807,1.3034536838531494,1.3479280471801758,1.3673105239868164,1.3535232543945312,1.3623182773590088,1.3561517000198364,1.3312523365020752,1.3555833101272583,1.3747916221618652,1.3571267127990723,1.3614873886108398,1.3506234884262085,1.2889368534088135
hT81,1.3575384616851807,1.3034536838531494,1.3479280471801758,1.3673105239868164,1.3535232543945312,1.3623182773590088,1.3561517000198364,1.3312523365020752,1.3555833101272583,1.3747916221618652,1.3571267127990723,1.3614873886108398,1.3506234884262085,1.2889368534088135
hT91,1.3575384616851807,1.3034536838531494,1.3479280471801758,1.3673105239868164,1.3535232543945312,1.3623182773590088,1.3561517000198364,1.3312523365020752,1.3555833101272583,1.3747916221618652,1.3571267127990723,1.3614873886108398,1.3506234884262085,1.2889368534088135
