,Ruxolitinib,Bortezomib,Sunitinib,Lapatinib,Selumetinib,Olaparib,TPCA-1,Paclitaxel,SN-38,Gemcitabine,5-Fluorouracil,Afatinib,MK-2206,KU-55933
hF2,1.3405545949935913,1.3428713083267212,1.3101264238357544,1.339987874031067,1.29710054397583,1.2796748876571655,1.3354254961013794,1.3310950994491577,1.3224802017211914,1.3193352222442627,1.34951651096344,1.3645352125167847,1.3309670686721802,1.3064085245132446
hF44,1.3405545949935913,1.3428713083267212,1.3101264238357544,1.339987874031067,1.29710054397583,1.2796748876571655,1.3354254961013794,1.3310950994491577,1.3224802017211914,1.3193352222442627,1.34951651096344,1.3645352125167847,1.3309670686721802,1.3064085245132446
hT108,1.3405545949935913,1.3428713083267212,1.3101264238357544,1.339987874031067,1.29710054397583,1.2796748876571655,1.3354254961013794,1.3310950994491577,1.3224802017211914,1.3193352222442627,1.34951651096344,1.3645352125167847,1.3309670686721802,1.3064085245132446
hM17D,1.3405545949935913,1.3428713083267212,1.3101264238357544,1.339987874031067,1.29710054397583,1.2796748876571655,1.3354254961013794,1.3310950994491577,1.3224802017211914,1.3193352222442627,1.34951651096344,1.3645352125167847,1.3309670686721802,1.3064085245132446
