,Ruxolitinib,Bortezomib,Sunitinib,Lapatinib,Selumetinib,Olaparib,TPCA-1,Paclitaxel,SN-38,Gemcitabine,5-Fluorouracil,Afatinib,MK-2206,KU-55933
hT48,1.3693221807479858,1.360286831855774,1.362227201461792,1.3613420724868774,1.3163726329803467,1.362227201461792,1.3164317607879639,1.369258999824524,1.3646115064620972,1.373405933380127,1.3237590789794922,1.353453516960144,1.3585567474365234,1.349797248840332
hM1E,1.3693221807479858,1.360286831855774,1.362227201461792,1.3613420724868774,1.3163726329803467,1.362227201461792,1.3164317607879639,1.369258999824524,1.3646115064620972,1.373405933380127,1.3237590789794922,1.353453516960144,1.3585567474365234,1.349797248840332
hT89,1.3693221807479858,1.360286831855774,1.362227201461792,1.3613420724868774,1.3163726329803467,1.362227201461792,1.3164317607879639,1.369258999824524,1.3646115064620972,1.373405933380127,1.3237590789794922,1.353453516960144,1.3585567474365234,1.349797248840332
hF24,1.3693221807479858,1.360286831855774,1.362227201461792,1.3613420724868774,1.3163726329803467,1.362227201461792,1.3164317607879639,1.369258999824524,1.3646115064620972,1.373405933380127,1.3237590789794922,1.353453516960144,1.3585567474365234,1.349797248840332
