,Ruxolitinib,Bortezomib,Sunitinib,Lapatinib,Selumetinib,Olaparib,TPCA-1,Paclitaxel,SN-38,Gemcitabine,5-Fluorouracil,Afatinib,MK-2206,KU-55933
hF57,1.353134274482727,1.3097786903381348,1.3800647258758545,1.3713208436965942,1.3682520389556885,1.3728214502334595,1.4029722213745117,1.2808728218078613,1.324094533920288,1.3723787069320679,1.2151497602462769,1.3932983875274658,1.389894962310791,1.3658390045166016
hT101,1.353134274482727,1.3097786903381348,1.3800647258758545,1.3713208436965942,1.3682520389556885,1.3728214502334595,1.4029722213745117,1.2808728218078613,1.324094533920288,1.3723787069320679,1.2151497602462769,1.3932983875274658,1.389894962310791,1.3658390045166016
hM19C,1.353134274482727,1.3097786903381348,1.3800647258758545,1.3713208436965942,1.3682520389556885,1.3728214502334595,1.4029722213745117,1.2808728218078613,1.324094533920288,1.3723787069320679,1.2151497602462769,1.3932983875274658,1.389894962310791,1.3658390045166016
hT117,1.353134274482727,1.3097786903381348,1.3800647258758545,1.3713208436965942,1.3682520389556885,1.3728214502334595,1.4029722213745117,1.2808728218078613,1.324094533920288,1.3723787069320679,1.2151497602462769,1.3932983875274658,1.389894962310791,1.3658390045166016
hM1A,1.353134274482727,1.3097786903381348,1.3800647258758545,1.3713208436965942,1.3682520389556885,1.3728214502334595,1.4029722213745117,1.2808728218078613,1.324094533920288,1.3723787069320679,1.2151497602462769,1.3932983875274658,1.389894962310791,1.3658390045166016
