,Ruxolitinib,Bortezomib,Sunitinib,Lapatinib,Selumetinib,Olaparib,TPCA-1,Paclitaxel,SN-38,Gemcitabine,5-Fluorouracil,Afatinib,MK-2206,KU-55933
hT102,0.9849423170089722,1.8262174129486084,1.2833549976348877,0.8493586778640747,1.0252667665481567,1.0486621856689453,1.226526141166687,0.9799582958221436,1.6331267356872559,1.0251173973083496,1.4102559089660645,0.8946712017059326,0.8738223314285278,1.0713437795639038
hT85,0.9252969026565552,1.848176121711731,1.1793121099472046,0.9066509008407593,1.043383002281189,0.8846731185913086,1.1621568202972412,1.0139591693878174,1.644727110862732,1.0855333805084229,1.7932566404342651,0.9145973920822144,0.8184669613838196,0.9816036224365234
hT105,1.0065706968307495,1.878936529159546,1.2200777530670166,0.881361722946167,0.9783180952072144,1.179383635520935,1.2140599489212036,0.9814516305923462,1.6383435726165771,1.0668617486953735,1.5392552614212036,0.9341219663619995,0.849198579788208,1.1546564102172852
hF23,0.9846058487892151,1.8244380950927734,1.2844804525375366,0.8507590889930725,1.0250381231307983,1.0357084274291992,1.228305459022522,0.9876158237457275,1.6321971416473389,1.0256266593933105,1.4055132865905762,0.8900403380393982,0.871650218963623,1.0716886520385742
