,Ruxolitinib,Bortezomib,Sunitinib,Lapatinib,Selumetinib,Olaparib,TPCA-1,Paclitaxel,SN-38,Gemcitabine,5-Fluorouracil,Afatinib,MK-2206,KU-55933
hM19A,1.3567428588867188,1.3723863363265991,1.3068889379501343,1.3327443599700928,1.3808133602142334,1.28367280960083,1.2666261196136475,1.2551213502883911,1.3058041334152222,1.3838233947753906,1.3546478748321533,1.349715232849121,1.3077671527862549,1.246170997619629
hT3,1.3567417860031128,1.3723841905593872,1.3068889379501343,1.3327463865280151,1.3808133602142334,1.2836723327636719,1.2666287422180176,1.2551275491714478,1.3058072328567505,1.3838194608688354,1.3546470403671265,1.3497116565704346,1.307766318321228,1.2461700439453125
hT98,1.3567416667938232,1.372381329536438,1.3068861961364746,1.3327462673187256,1.3808133602142334,1.2836718559265137,1.2666287422180176,1.2551283836364746,1.30580472946167,1.3838207721710205,1.354644775390625,1.3497116565704346,1.307766318321228,1.2461692094802856
hF31,1.356743574142456,1.372381329536438,1.3068859577178955,1.3327467441558838,1.3808133602142334,1.2836730480194092,1.266628623008728,1.255123496055603,1.3058046102523804,1.3838149309158325,1.3546454906463623,1.3497111797332764,1.3077664375305176,1.2461700439453125
hF50,1.3567416667938232,1.3723843097686768,1.3068863153457642,1.3327463865280151,1.3808133602142334,1.2836718559265137,1.2666294574737549,1.2551243305206299,1.3058037757873535,1.3838233947753906,1.3546470403671265,1.3497132062911987,1.3077659606933594,1.2461681365966797
