,Ruxolitinib,Bortezomib,Sunitinib,Lapatinib,Selumetinib,Olaparib,TPCA-1,Paclitaxel,SN-38,Gemcitabine,5-Fluorouracil,Afatinib,MK-2206,KU-55933
hF2,2.154916763305664,1.1034941673278809,0.4594697952270508,0.5984164476394653,0.535759687423706,1.740687370300293,0.8741636872291565,0.47889912128448486,0.5540443658828735,0.4265134930610657,0.46337634325027466,0.46944165229797363,0.5552682280540466,0.7047758102416992
hF44,2.1073007583618164,1.1434413194656372,0.45925772190093994,0.6078636646270752,0.5345385074615479,1.6777148246765137,0.8364372253417969,0.4754081964492798,0.557365894317627,0.43030738830566406,0.4556887149810791,0.46473824977874756,0.5562654137611389,0.7371002435684204
hT108,1.015942096710205,2.6930181980133057,1.288073182106018,2.383558750152588,1.593314290046692,0.906349778175354,0.8810082674026489,1.860854983329773,2.904318332672119,3.659419536590576,1.0419272184371948,3.5140366554260254,0.9904567003250122,1.3903441429138184
hM17D,3.5705151557922363,1.350713849067688,1.043141484260559,1.0036429166793823,0.9985777735710144,1.0418578386306763,2.760066032409668,1.1366344690322876,3.1309943199157715,0.743786096572876,0.2694035768508911,1.0962671041488647,0.7013838291168213,1.1476030349731445
