,Ruxolitinib,Bortezomib,Sunitinib,Lapatinib,Selumetinib,Olaparib,TPCA-1,Paclitaxel,SN-38,Gemcitabine,5-Fluorouracil,Afatinib,MK-2206,KU-55933
hF28,1.3947645425796509,1.3129675388336182,1.3833884000778198,1.4128440618515015,1.3845924139022827,1.3765273094177246,1.333387017250061,1.3229798078536987,1.3903563022613525,1.3995780944824219,1.4254897832870483,1.4175939559936523,1.387507438659668,1.3159021139144897
hT93,1.3947672843933105,1.3129695653915405,1.3833894729614258,1.4128376245498657,1.3845937252044678,1.3765263557434082,1.333389163017273,1.3229784965515137,1.3903586864471436,1.399590015411377,1.4254909753799438,1.4175947904586792,1.3875080347061157,1.3159061670303345
hF27,1.3947683572769165,1.312969446182251,1.3833887577056885,1.412843942642212,1.3845919370651245,1.3765273094177246,1.3333873748779297,1.3229782581329346,1.3903586864471436,1.3995829820632935,1.4254940748214722,1.4175939559936523,1.3875073194503784,1.3159000873565674
hT25,1.3947675228118896,1.3129692077636719,1.3833904266357422,1.4128525257110596,1.3845926523208618,1.376529335975647,1.3333897590637207,1.3229788541793823,1.390358567237854,1.3995894193649292,1.425493597984314,1.4175947904586792,1.3875080347061157,1.3159019947052002
