,Ruxolitinib,Bortezomib,Sunitinib,Lapatinib,Selumetinib,Olaparib,TPCA-1,Paclitaxel,SN-38,Gemcitabine,5-Fluorouracil,Afatinib,MK-2206,KU-55933
hF57,2.1691834926605225,2.0404744148254395,2.4320895671844482,2.302581310272217,1.8056843280792236,2.0969769954681396,1.896845817565918,1.7716584205627441,2.1220955848693848,1.899376630783081,2.774439811706543,1.6559197902679443,2.2441394329071045,1.7434916496276855
hT101,1.0674818754196167,1.3053334951400757,1.5258748531341553,1.0646497011184692,1.167472243309021,1.0196800231933594,0.9180291295051575,0.9326707720756531,0.7591562271118164,0.5888262391090393,0.7270448207855225,1.140085220336914,1.3172825574874878,1.75252103805542
hM19C,1.010128140449524,1.451591968536377,1.591253638267517,0.9903727769851685,1.5248494148254395,0.9230203032493591,0.9180291295051575,0.9645907282829285,0.6752396821975708,0.6216213703155518,0.6428204774856567,1.356536626815796,1.2984713315963745,1.2779607772827148
hT117,0.996956467628479,1.091308355331421,1.5441358089447021,1.722468614578247,1.2614128589630127,1.0627245903015137,0.8635413646697998,0.8496130704879761,0.5803432464599609,0.3463124632835388,0.33755064010620117,1.0819108486175537,1.2362968921661377,1.885237693786621
hM1A,1.111595630645752,1.7159199714660645,1.6453125476837158,1.172999620437622,1.8738468885421753,0.931605875492096,0.9180291295051575,1.0203917026519775,0.7219942212104797,1.3503139019012451,2.006837844848633,1.938903570175171,1.336300253868103,1.175549030303955
