,Ruxolitinib,Bortezomib,Sunitinib,Lapatinib,Selumetinib,Olaparib,TPCA-1,Paclitaxel,SN-38,Gemcitabine,5-Fluorouracil,Afatinib,MK-2206,KU-55933
hF43,1.3946577310562134,1.5908186435699463,1.2913364171981812,1.363263726234436,1.8558003902435303,1.413656234741211,1.4468367099761963,1.4566930532455444,1.650939702987671,1.8262944221496582,1.4084917306900024,1.937924861907959,1.0572633743286133,1.6327335834503174
hF39,1.3942288160324097,1.5970393419265747,1.2989041805267334,1.3760907649993896,1.866940975189209,1.4113969802856445,1.447156548500061,1.4565846920013428,1.6601938009262085,1.8283753395080566,1.406508207321167,1.9607300758361816,1.055774450302124,1.6255747079849243
hT127,1.394439697265625,1.5929557085037231,1.298729658126831,1.3653428554534912,1.8643280267715454,1.4086956977844238,1.4579994678497314,1.4563908576965332,1.6488994359970093,1.828134536743164,,1.9538758993148804,1.0558351278305054,1.621497392654419
hM19B,1.354620099067688,1.7496494054794312,1.6714006662368774,1.845192313194275,1.8742599487304688,2.0882790088653564,1.3235077857971191,1.4416099786758423,2.117474317550659,1.3288878202438354,1.3552489280700684,2.014284372329712,1.3270165920257568,1.4188748598098755
