,Ruxolitinib,Bortezomib,Sunitinib,Lapatinib,Selumetinib,Olaparib,TPCA-1,Paclitaxel,SN-38,Gemcitabine,5-Fluorouracil,Afatinib,MK-2206,KU-55933
hT60,1.1395390033721924,2.214407205581665,2.3614583015441895,0.844711422920227,2.098574161529541,1.3884459733963013,1.7118513584136963,0.46937447786331177,0.7050181031227112,0.7839491963386536,0.852889895439148,2.0754892826080322,1.4570703506469727,1.7614445686340332
hF32,0.7959785461425781,0.8188082575798035,0.4320586919784546,0.5744902491569519,0.6028642654418945,0.41368407011032104,0.6945962309837341,1.0832668542861938,0.47649914026260376,0.43530529737472534,0.592120349407196,0.5952693223953247,0.7774252891540527,0.3875097930431366
hM19D,0.8725069761276245,2.2482850551605225,2.27823543548584,0.7903026938438416,2.240079879760742,1.387092113494873,1.286813735961914,0.45140936970710754,0.7217400670051575,0.5761367678642273,1.0701085329055786,2.073162078857422,2.3222274780273438,2.1459643840789795
hT64,0.8065344095230103,2.020925760269165,1.1193609237670898,0.9750229120254517,1.311323642730713,0.9303301572799683,0.8934140205383301,0.6450520157814026,0.8451247215270996,0.764868438243866,1.2047568559646606,1.2820091247558594,2.2391393184661865,1.0761363506317139
