,Ruxolitinib,Bortezomib,Sunitinib,Lapatinib,Selumetinib,Olaparib,TPCA-1,Paclitaxel,SN-38,Gemcitabine,5-Fluorouracil,Afatinib,MK-2206,KU-55933
hM8,1.5743391513824463,1.4253945350646973,1.2886040210723877,1.220413327217102,1.544630527496338,1.4517765045166016,0.6188613176345825,1.7272145748138428,1.1083595752716064,1.204479455947876,1.1190425157546997,1.5499790906906128,1.9640533924102783,1.667556643486023
hT30,1.5844213962554932,0.7427328824996948,0.8937817215919495,0.7453930377960205,1.3151689767837524,1.310166358947754,0.44232696294784546,1.5124437808990479,0.7587482929229736,1.231001615524292,1.1665234565734863,0.6844235062599182,1.5032871961593628,1.3636687994003296
hT81,1.6263611316680908,0.8200798034667969,0.8255580067634583,0.71836918592453,1.2694752216339111,1.3368874788284302,0.46876388788223267,1.487905740737915,0.8823292255401611,1.243720531463623,1.1685950756072998,0.6810914278030396,1.2749124765396118,1.3582782745361328
hT91,1.268125057220459,1.2003116607666016,1.1899473667144775,1.1806280612945557,1.2408286333084106,1.1606290340423584,1.1637697219848633,2.4021167755126953,1.1707051992416382,1.1241514682769775,1.0918574333190918,1.308164358139038,1.513085126876831,1.239201307296753
