,Ruxolitinib,Bortezomib,Sunitinib,Lapatinib,Selumetinib,Olaparib,TPCA-1,Paclitaxel,SN-38,Gemcitabine,5-Fluorouracil,Afatinib,MK-2206,KU-55933
hT1,0.9755663871765137,1.5865510702133179,1.5033141374588013,1.3656129837036133,1.5610861778259277,1.117370367050171,1.2924833297729492,1.585854411125183,2.1820030212402344,1.3127844333648682,1.5592355728149414,1.647119164466858,1.8849012851715088,1.3746788501739502
hT82,0.9361007213592529,1.4986424446105957,1.3461675643920898,1.287191390991211,1.5304234027862549,1.085147500038147,1.1773046255111694,1.576425552368164,2.135011911392212,1.3560618162155151,1.4455311298370361,1.6491914987564087,1.749674916267395,1.2302970886230469
hM1F,1.0344655513763428,1.8139742612838745,1.722296118736267,1.6055517196655273,1.598318099975586,1.4417564868927002,1.5243723392486572,1.6105268001556396,2.2767367362976074,1.2752130031585693,1.6062480211257935,1.8254528045654297,1.9816144704818726,1.5644056797027588
hT123,0.9667353630065918,1.5631842613220215,1.5123298168182373,1.3537628650665283,1.5527132749557495,1.1126959323883057,1.2500554323196411,1.581416368484497,2.1741490364074707,1.32515549659729,1.5576930046081543,1.6435439586639404,1.8770451545715332,1.3509669303894043
hF3,0.9807795286178589,1.6543805599212646,1.7180635929107666,1.4687530994415283,1.5513403415679932,1.2505906820297241,1.4133975505828857,1.5464370250701904,2.2021803855895996,1.0521365404129028,1.5978277921676636,1.5358445644378662,2.017477035522461,1.4981319904327393
