,Ruxolitinib,Bortezomib,Sunitinib,Lapatinib,Selumetinib,Olaparib,TPCA-1,Paclitaxel,SN-38,Gemcitabine,5-Fluorouracil,Afatinib,MK-2206,KU-55933
hT48,1.3863439559936523,1.3648898601531982,1.3651443719863892,1.3632816076278687,1.3119090795516968,1.3670482635498047,1.3155286312103271,1.356878638267517,1.3755707740783691,1.390843152999878,1.3170852661132812,1.3488492965698242,1.3592442274093628,1.3498505353927612
hM1E,1.3863463401794434,1.3648892641067505,1.365144968032837,1.3632811307907104,1.311907410621643,1.3670499324798584,1.3155280351638794,1.3568845987319946,1.3755722045898438,1.3908416032791138,1.3170828819274902,1.3488551378250122,1.3592448234558105,1.349850058555603
hT89,1.386346697807312,1.36488938331604,1.3651447296142578,1.3632807731628418,1.311907410621643,1.3670480251312256,1.315528392791748,1.356879472732544,1.375571608543396,1.3908448219299316,1.3170830011367798,1.3488478660583496,1.3592431545257568,1.3498512506484985
hF24,1.386345386505127,1.3648890256881714,1.365143895149231,1.3632817268371582,1.3119076490402222,1.3670475482940674,1.315528392791748,1.356879472732544,1.37557053565979,1.3908413648605347,1.317084789276123,1.3488558530807495,1.3592450618743896,1.349849820137024
