,Ruxolitinib,Bortezomib,Sunitinib,Lapatinib,Selumetinib,Olaparib,TPCA-1,Paclitaxel,SN-38,Gemcitabine,5-Fluorouracil,Afatinib,MK-2206,KU-55933
hT102,1.2286990880966187,1.227607011795044,1.226039171218872,1.2273436784744263,1.2475801706314087,1.2295174598693848,1.2280535697937012,1.2336184978485107,1.2414696216583252,1.2255359888076782,1.226681113243103,1.250732660293579,1.2282277345657349,1.23708975315094
hT85,1.2842568159103394,1.2939341068267822,1.3141565322875977,1.2729401588439941,1.254164218902588,1.2774543762207031,1.2855666875839233,1.2585623264312744,1.3270851373672485,1.2600123882293701,1.3185999393463135,1.2328017950057983,1.2852483987808228,1.3663486242294312
hT105,1.2385358810424805,1.2387425899505615,1.2389782667160034,1.242293357849121,1.2369205951690674,1.2424769401550293,1.2402998208999634,1.267061710357666,1.240770697593689,1.2413898706436157,1.238059639930725,1.246403694152832,1.2419923543930054,1.2401236295700073
hF23,1.2268353700637817,1.2263847589492798,1.2262382507324219,1.226637840270996,1.232987403869629,1.2245500087738037,1.2247111797332764,1.2674756050109863,1.218153953552246,1.2269572019577026,1.2262459993362427,1.2326385974884033,1.2293200492858887,1.243056297302246
