,Ruxolitinib,Bortezomib,Sunitinib,Lapatinib,Selumetinib,Olaparib,TPCA-1,Paclitaxel,SN-38,Gemcitabine,5-Fluorouracil,Afatinib,MK-2206,KU-55933
hT60,1.3293763399124146,1.2990447282791138,1.2927417755126953,1.2657190561294556,1.3169255256652832,1.2946449518203735,1.30239999294281,1.2909773588180542,1.3056105375289917,1.321584939956665,1.3028172254562378,1.3210811614990234,1.3144768476486206,1.2754848003387451
hF32,1.2722500562667847,1.2697628736495972,1.2696139812469482,1.2751655578613281,1.2711091041564941,1.2706354856491089,1.2704002857208252,1.2803069353103638,1.2688093185424805,1.271673321723938,1.2698185443878174,1.2718281745910645,1.272160530090332,1.2702858448028564
hM19D,1.265221118927002,1.265608310699463,1.2655376195907593,1.277600646018982,1.2656265497207642,1.2655255794525146,1.2656571865081787,1.292288064956665,1.265376329421997,1.2651642560958862,1.2654829025268555,1.265120267868042,1.2651666402816772,1.2734723091125488
hT64,1.276126503944397,1.2655478715896606,1.2655688524246216,1.2791904211044312,1.2654588222503662,1.265531063079834,1.2655959129333496,1.277047038078308,1.2654246091842651,1.275431752204895,1.2654575109481812,1.2736515998840332,1.270573377609253,1.268876075744629
