,Ruxolitinib,Bortezomib,Sunitinib,Lapatinib,Selumetinib,Olaparib,TPCA-1,Paclitaxel,SN-38,Gemcitabine,5-Fluorouracil,Afatinib,MK-2206,KU-55933
hF57,1.3109558820724487,1.2479931116104126,1.2968518733978271,1.3309953212738037,1.312122106552124,1.2959730625152588,1.2942261695861816,1.2969032526016235,1.2909772396087646,1.3296465873718262,1.239557147026062,1.327193021774292,1.3333600759506226,1.3277674913406372
hT101,1.3263299465179443,1.300008773803711,1.3099849224090576,1.3100392818450928,1.3225446939468384,1.3156378269195557,1.3110729455947876,1.2972462177276611,1.3112848997116089,1.3211334943771362,1.239557147026062,1.3373618125915527,1.333724021911621,1.3324227333068848
hM19C,1.2785491943359375,1.2818536758422852,1.277904748916626,1.275958776473999,1.2818968296051025,1.2774001359939575,1.2753760814666748,1.3027297258377075,1.2871525287628174,1.2823463678359985,1.239557147026062,1.2871819734573364,1.2800402641296387,1.2864266633987427
hT117,1.2644845247268677,1.2445793151855469,1.2701129913330078,1.2688950300216675,1.2697073221206665,1.2684931755065918,1.269499659538269,1.306571364402771,1.2598243951797485,1.2698323726654053,1.239557147026062,1.2703133821487427,1.2723498344421387,1.267521858215332
hM1A,1.2807358503341675,1.275955319404602,1.2812151908874512,1.277826189994812,1.2825708389282227,1.279630422592163,1.2815536260604858,1.3145973682403564,1.281252145767212,1.2789890766143799,1.2629895210266113,1.27872633934021,1.279500961303711,1.2796465158462524
