,Ruxolitinib,Bortezomib,Sunitinib,Lapatinib,Selumetinib,Olaparib,TPCA-1,Paclitaxel,SN-38,Gemcitabine,5-Fluorouracil,Afatinib,MK-2206,KU-55933
hM8,1.3635836839675903,1.3635836839675903,1.356067419052124,1.3595333099365234,1.3635836839675903,1.363698124885559,1.3637524843215942,1.308477520942688,1.3641940355300903,1.3654935359954834,1.3635836839675903,1.3635836839675903,1.3646906614303589,1.3509167432785034
hT30,1.305255651473999,1.2921183109283447,1.2924126386642456,1.3105623722076416,1.2998939752578735,1.2955352067947388,1.3050053119659424,1.3230559825897217,1.316195011138916,1.3192857503890991,1.2918773889541626,1.3115342855453491,1.310189127922058,1.2974507808685303
hT81,1.2804814577102661,1.273102879524231,1.2729125022888184,1.2831079959869385,1.2733286619186401,1.2735284566879272,1.2778090238571167,1.314102292060852,1.2802284955978394,1.2962415218353271,1.276017427444458,1.2812100648880005,1.2789831161499023,1.2933334112167358
hT91,1.3090687990188599,1.3080686330795288,1.308286428451538,1.3074885606765747,1.311643362045288,1.3059704303741455,1.3122291564941406,1.2881231307983398,1.3186283111572266,1.3114595413208008,1.309678554534912,1.3147917985916138,1.3112106323242188,1.3136893510818481
