,Ruxolitinib,Bortezomib,Sunitinib,Lapatinib,Selumetinib,Olaparib,TPCA-1,Paclitaxel,SN-38,Gemcitabine,5-Fluorouracil,Afatinib,MK-2206,KU-55933
hM19A,1.218030571937561,1.2195541858673096,1.221854329109192,1.2168192863464355,1.219760775566101,1.230354905128479,1.2267526388168335,1.2153825759887695,1.223968505859375,1.2158905267715454,1.2183737754821777,1.2192049026489258,1.2186931371688843,1.2260798215866089
hT3,1.2132782936096191,1.2151049375534058,1.218206763267517,1.2180442810058594,1.2130199670791626,1.2396607398986816,1.226995587348938,1.2225117683410645,1.2134361267089844,1.2114737033843994,1.2142415046691895,1.2139357328414917,1.2136986255645752,1.2196087837219238
hT98,1.214767575263977,1.215671420097351,1.2181715965270996,1.2164561748504639,1.215074062347412,1.226197600364685,1.2192836999893188,1.2155841588974,1.2157365083694458,1.214676022529602,1.2137542963027954,1.2147363424301147,1.2161871194839478,1.2210946083068848
hF31,1.2165436744689941,1.2137545347213745,1.2140618562698364,1.2182605266571045,1.2156199216842651,1.2268438339233398,1.2104151248931885,1.224696159362793,1.2197517156600952,1.219875693321228,1.2174773216247559,1.2206323146820068,1.217942476272583,1.2136845588684082
hF50,1.2681971788406372,1.2708239555358887,1.2524441480636597,1.2513039112091064,1.2781457901000977,1.2116464376449585,1.229063868522644,1.2524901628494263,1.2526664733886719,1.2810041904449463,1.2697631120681763,1.2604386806488037,1.258972406387329,1.2570757865905762
