,Ruxolitinib,Bortezomib,Sunitinib,Lapatinib,Selumetinib,Olaparib,TPCA-1,Paclitaxel,SN-38,Gemcitabine,5-Fluorouracil,Afatinib,MK-2206,KU-55933
hF28,1.3292869329452515,1.326259732246399,1.3314236402511597,1.3640741109848022,1.3305342197418213,1.330462098121643,1.326318621635437,1.3178890943527222,1.3317312002182007,1.3329079151153564,1.3338203430175781,1.331976294517517,1.3287575244903564,1.3270941972732544
hT93,1.3463553190231323,1.3200855255126953,1.3370412588119507,1.3492000102996826,1.3312360048294067,1.3484381437301636,1.329822301864624,1.324993371963501,1.3689231872558594,1.356292486190796,1.4035618305206299,1.3765640258789062,1.3582223653793335,1.3259729146957397
hF27,1.3137046098709106,1.3141474723815918,1.3171238899230957,1.351279377937317,1.31685471534729,1.3137046098709106,1.315332055091858,1.3178051710128784,1.3160176277160645,1.3137046098709106,1.3165160417556763,1.314194917678833,1.3137046098709106,1.3137046098709106
hT25,1.3207142353057861,1.3137046098709106,1.3179116249084473,1.354223370552063,1.3191044330596924,1.3204501867294312,1.3146817684173584,1.3266243934631348,1.3478877544403076,1.3212687969207764,1.3531371355056763,1.3380253314971924,1.332094669342041,1.3624809980392456
