,Ruxolitinib,Bortezomib,Sunitinib,Lapatinib,Selumetinib,Olaparib,TPCA-1,Paclitaxel,SN-38,Gemcitabine,5-Fluorouracil,Afatinib,MK-2206,KU-55933
hF2,1.34974205493927,1.3509644269943237,1.3398948907852173,1.3530861139297485,1.3551864624023438,1.3348307609558105,1.3554348945617676,1.352091908454895,1.370803713798523,1.3493964672088623,1.376008152961731,1.3769958019256592,1.3482215404510498,1.358465313911438
hF44,1.3368858098983765,1.3342173099517822,1.3296414613723755,1.341677188873291,1.3501157760620117,1.3315140008926392,1.3359178304672241,1.3545974493026733,1.3536235094070435,1.3393319845199585,1.3503094911575317,1.336395263671875,1.3375234603881836,1.3457568883895874
hT108,1.3111474514007568,1.311293125152588,1.308125376701355,1.3208627700805664,1.3162513971328735,1.3080413341522217,1.3125660419464111,1.355707049369812,1.3199353218078613,1.3096107244491577,1.3214839696884155,1.3190793991088867,1.3078128099441528,1.3115001916885376
hM17D,1.3622666597366333,1.3527652025222778,1.3403851985931396,1.363394856452942,1.357282280921936,1.3462191820144653,1.3588535785675049,1.328115701675415,1.3732117414474487,1.3713082075119019,1.3734745979309082,1.3984519243240356,1.3661543130874634,1.34825599193573
