,Ruxolitinib,Bortezomib,Sunitinib,Lapatinib,Selumetinib,Olaparib,TPCA-1,Paclitaxel,SN-38,Gemcitabine,5-Fluorouracil,Afatinib,MK-2206,KU-55933
hT48,1.3219043016433716,1.3186359405517578,1.3185893297195435,1.3418898582458496,1.3108519315719604,1.3467886447906494,1.3117464780807495,1.4023455381393433,1.3316478729248047,1.3251020908355713,1.3203459978103638,1.334351658821106,1.331861972808838,1.3280763626098633
hM1E,1.3603087663650513,1.3414537906646729,1.3425207138061523,1.363300085067749,1.3446789979934692,1.3627784252166748,1.3467066287994385,1.3991622924804688,1.3506519794464111,1.3638501167297363,1.3151434659957886,1.3632559776306152,1.3574113845825195,1.3588767051696777
hT89,1.357576608657837,1.3443913459777832,1.342934489250183,1.3669170141220093,1.3466377258300781,1.3690886497497559,1.3514622449874878,1.3932268619537354,1.3439189195632935,1.3606575727462769,1.3213410377502441,1.3605551719665527,1.366878628730774,1.3555070161819458
hF24,1.3145450353622437,1.316469669342041,1.314219355583191,1.3125723600387573,1.3104506731033325,1.316889762878418,1.310593843460083,1.3841313123703003,1.3219852447509766,1.315944790840149,1.322034239768982,1.3148647546768188,1.3159000873565674,1.3215726613998413
