,Ruxolitinib,Bortezomib,Sunitinib,Lapatinib,Selumetinib,Olaparib,TPCA-1,Paclitaxel,SN-38,Gemcitabine,5-Fluorouracil,Afatinib,MK-2206,KU-55933
hT1,1.273836612701416,1.268846869468689,1.2694242000579834,1.3033268451690674,1.2712037563323975,1.271059274673462,1.2684125900268555,1.2707053422927856,1.276752233505249,1.269753098487854,1.2631139755249023,1.2730318307876587,1.2757458686828613,1.276955246925354
hT82,1.298804759979248,1.2988522052764893,1.2998476028442383,1.4038540124893188,1.2962031364440918,1.303095817565918,1.2997462749481201,1.3111281394958496,1.302940845489502,1.306280493736267,1.2784384489059448,1.3035993576049805,1.3020610809326172,1.2969202995300293
hM1F,1.276708960533142,1.2716152667999268,1.2744672298431396,1.276281714439392,1.2750506401062012,1.2746706008911133,1.272835373878479,1.2657058238983154,1.279755711555481,1.2743792533874512,1.2631139755249023,1.276134967803955,1.2801645994186401,1.2798649072647095
hT123,1.293621301651001,1.2946017980575562,1.2894705533981323,1.2745252847671509,1.3010824918746948,1.2873148918151855,1.2888025045394897,1.31157648563385,1.3010501861572266,1.283193588256836,1.2631139755249023,1.286826252937317,1.3017847537994385,1.2978657484054565
hF3,1.2631139755249023,1.2631139755249023,1.2631139755249023,1.2648457288742065,1.2631139755249023,1.2631139755249023,1.2631139755249023,1.2631139755249023,1.2631139755249023,1.2631139755249023,1.2631139755249023,1.2631139755249023,1.2631139755249023,1.2631139755249023
