,Ruxolitinib,Bortezomib,Sunitinib,Lapatinib,Selumetinib,Olaparib,TPCA-1,Paclitaxel,SN-38,Gemcitabine,5-Fluorouracil,Afatinib,MK-2206,KU-55933
hF43,1.3597215414047241,1.361985206604004,1.3666454553604126,1.3796415328979492,1.3623491525650024,1.3643903732299805,1.3704605102539062,1.3818359375,1.3618332147598267,1.3674705028533936,1.362226128578186,1.3660497665405273,1.3612158298492432,1.3553606271743774
hF39,1.369393229484558,1.375623345375061,1.3871779441833496,1.4160491228103638,1.3869380950927734,1.3901236057281494,1.3974361419677734,1.3843275308609009,1.3806332349777222,1.3955144882202148,1.3870069980621338,1.3886592388153076,1.3699724674224854,1.3661577701568604
hT127,1.3564668893814087,1.3579226732254028,1.3625304698944092,1.3936342000961304,1.3604779243469238,1.3614832162857056,1.3716946840286255,1.3855786323547363,1.3585939407348633,1.3671096563339233,,1.3657761812210083,1.3567633628845215,1.351149320602417
hM19B,1.3708149194717407,1.3707780838012695,1.372499942779541,1.3826581239700317,1.3712681531906128,1.371138095855713,1.3749549388885498,1.3911712169647217,1.3722012042999268,1.3738285303115845,1.3722820281982422,1.3721139430999756,1.3713659048080444,1.3673595190048218
