,Ruxolitinib,Bortezomib,Sunitinib,Lapatinib,Selumetinib,Olaparib,TPCA-1,Paclitaxel,SN-38,Gemcitabine,5-Fluorouracil,Afatinib,MK-2206,KU-55933
hM19A,0.16011932492256165,0.48907965421676636,0.2292526811361313,0.20937365293502808,0.23811683058738708,0.16327209770679474,0.210646390914917,0.2687007188796997,0.2811617851257324,0.26064595580101013,0.23010388016700745,0.2108539342880249,0.2123957723379135,0.2066253274679184
hT3,0.3967369794845581,0.7267881631851196,0.42878055572509766,0.4034278392791748,0.4283451437950134,0.3803028464317322,0.39996615052223206,0.41565829515457153,0.4447970986366272,0.4319644570350647,0.40901678800582886,0.3991921842098236,0.40045613050460815,0.42426979541778564
hT98,0.2652924656867981,0.5551902055740356,0.30203840136528015,0.2854662835597992,0.28493934869766235,0.26925861835479736,0.2761319577693939,0.3350093364715576,0.3331405520439148,0.31336742639541626,0.2805165946483612,0.26675307750701904,0.2755484879016876,0.2765512466430664
hF31,0.26189616322517395,0.5411844253540039,0.2931682765483856,0.27211225032806396,0.28819599747657776,0.2670113742351532,0.2694368362426758,0.326901912689209,0.34342092275619507,0.3220413327217102,0.2937259376049042,0.26709476113319397,0.280353307723999,0.28259044885635376
hF50,0.20991931855678558,0.5558757781982422,0.23417583107948303,0.2223646342754364,0.2211122214794159,0.2244769185781479,0.21536758542060852,0.27235519886016846,0.2794002890586853,0.24753671884536743,0.22531503438949585,0.2162070870399475,0.22929297387599945,0.22512204945087433
