,Ruxolitinib,Bortezomib,Sunitinib,Lapatinib,Selumetinib,Olaparib,TPCA-1,Paclitaxel,SN-38,Gemcitabine,5-Fluorouracil,Afatinib,MK-2206,KU-55933
hT102,0.410938024520874,0.7011668682098389,0.4210748076438904,0.41246333718299866,0.4443943202495575,0.4121569097042084,0.4309923052787781,0.4915981590747833,0.4941049814224243,0.45164352655410767,0.4267192482948303,0.42182207107543945,0.42698001861572266,0.4303332269191742
hT85,0.39336517453193665,0.5805620551109314,0.39982080459594727,0.4004371762275696,0.4088197946548462,0.39773374795913696,0.39928656816482544,0.45172613859176636,0.4583514928817749,0.42872002720832825,0.39301830530166626,0.4035708010196686,0.4061870574951172,0.40307939052581787
hT105,0.5083767771720886,0.7787013649940491,0.5151292681694031,0.5093488693237305,0.5272036790847778,0.5042620897293091,0.512695848941803,0.6052273511886597,0.5853378772735596,0.5507188439369202,0.5248427987098694,0.5240979194641113,0.5129594206809998,0.5218390226364136
hF23,0.3092051148414612,0.5482449531555176,0.31386303901672363,0.3070707619190216,0.33050963282585144,0.3064291477203369,0.31396573781967163,0.37357786297798157,0.3718718886375427,0.34176790714263916,0.31420809030532837,0.32153016328811646,0.3161540627479553,0.3184475302696228
