,Ruxolitinib,Bortezomib,Sunitinib,Lapatinib,Selumetinib,Olaparib,TPCA-1,Paclitaxel,SN-38,Gemcitabine,5-Fluorouracil,Afatinib,MK-2206,KU-55933
hF57,0.2717578709125519,0.6249575018882751,0.30487164855003357,0.24233725666999817,0.31456947326660156,0.2641528844833374,0.30552995204925537,0.3137810230255127,0.3676806688308716,0.3289104104042053,0.2922583818435669,0.3057568371295929,0.27605482935905457,0.299723744392395
hT101,0.18452605605125427,0.3467976450920105,0.20001444220542908,0.18522284924983978,0.20508281886577606,0.1836288720369339,0.19869139790534973,0.2201375663280487,0.24143046140670776,0.2223728746175766,0.20070356130599976,0.20934876799583435,0.20555005967617035,0.19414806365966797
hM19C,0.09137439727783203,0.3870176076889038,0.1206534132361412,0.11129631102085114,0.12745673954486847,0.11178495734930038,0.11735768616199493,0.21534579992294312,0.18845123052597046,0.14214853942394257,0.12209328263998032,0.15213152766227722,0.12067752331495285,0.09881198406219482
hT117,0.15850283205509186,0.3926650881767273,0.1730370670557022,0.15966574847698212,0.17790496349334717,0.18038514256477356,0.1674651950597763,0.2405390441417694,0.2528321444988251,0.21982748806476593,0.15835019946098328,0.2083364874124527,0.17478270828723907,0.163332000374794
hM1A,0.13402457535266876,0.28436070680618286,0.15327119827270508,0.15390650928020477,0.16576972603797913,0.149619922041893,0.14869621396064758,0.20813030004501343,0.2120935618877411,0.19330647587776184,0.14874838292598724,0.18741261959075928,0.15817122161388397,0.14320307970046997
