,Ruxolitinib,Bortezomib,Sunitinib,Lapatinib,Selumetinib,Olaparib,TPCA-1,Paclitaxel,SN-38,Gemcitabine,5-Fluorouracil,Afatinib,MK-2206,KU-55933
hT1,0.31144505739212036,0.46011531352996826,0.32691285014152527,0.31688374280929565,0.329836905002594,0.3163420557975769,0.3243473768234253,0.33704954385757446,0.3484085202217102,0.32046180963516235,0.33001863956451416,0.3004523515701294,0.32493001222610474,0.34030359983444214
hT82,0.4052796959877014,0.6227076053619385,0.42492908239364624,0.41977816820144653,0.44260114431381226,0.4029150605201721,0.44528573751449585,0.439746618270874,0.466217577457428,0.4452718496322632,0.4415813088417053,0.42919278144836426,0.42834585905075073,0.42706626653671265
hM1F,0.2417706549167633,0.3460981845855713,0.2550562620162964,0.24695347249507904,0.2516017556190491,0.24712231755256653,0.25361520051956177,0.2604350447654724,0.26338350772857666,0.2548781633377075,0.2538858652114868,0.25407490134239197,0.25280269980430603,0.2433951497077942
hT123,0.41247451305389404,0.5986320972442627,0.4228091835975647,0.4073374271392822,0.4198574423789978,0.4172384738922119,0.4211323857307434,0.4048343896865845,0.4250156879425049,0.4068487286567688,0.41800254583358765,0.40009960532188416,0.41866934299468994,0.41948872804641724
hF3,0.5268378257751465,0.685759425163269,0.5297189950942993,0.5296157002449036,0.5333459973335266,0.5286800861358643,0.5282534956932068,0.5146594643592834,0.5297870635986328,0.526325523853302,0.5302610397338867,0.5295928716659546,0.5324270725250244,0.5217820405960083
