,Ruxolitinib,Bortezomib,Sunitinib,Lapatinib,Selumetinib,Olaparib,TPCA-1,Paclitaxel,SN-38,Gemcitabine,5-Fluorouracil,Afatinib,MK-2206,KU-55933
hF28,0.2570965588092804,0.5047203302383423,0.2876296043395996,0.27784308791160583,0.2785347104072571,0.28267645835876465,0.2857246994972229,0.305749773979187,0.3080470561981201,0.3120732307434082,0.2858145534992218,0.25354576110839844,0.2961786389350891,0.28163474798202515
hT93,0.18622832000255585,0.5323010087013245,0.2651304602622986,0.2267288714647293,0.27156010270118713,0.22671522200107574,0.26474007964134216,0.2886803150177002,0.2721569836139679,0.28467974066734314,0.2585391402244568,0.2524273991584778,0.2650604248046875,0.2338239848613739
hF27,0.2119331806898117,0.5195497274398804,0.236426442861557,0.21712525188922882,0.2376497983932495,0.22521747648715973,0.22895479202270508,0.281203031539917,0.29068440198898315,0.26386359333992004,0.2328534722328186,0.23549827933311462,0.23317621648311615,0.22667329013347626
hT25,0.332877516746521,0.5030250549316406,0.3490329384803772,0.34056103229522705,0.35019779205322266,0.3360959589481354,0.3551188111305237,0.3309180736541748,0.3543758988380432,0.3440829813480377,0.34470832347869873,0.354183554649353,0.34739068150520325,0.3378673791885376
