,Ruxolitinib,Bortezomib,Sunitinib,Lapatinib,Selumetinib,Olaparib,TPCA-1,Paclitaxel,SN-38,Gemcitabine,5-Fluorouracil,Afatinib,MK-2206,KU-55933
hF43,0.34152936935424805,0.5964832305908203,0.3919104337692261,0.3892303705215454,0.39567330479621887,0.3673546314239502,0.3818306624889374,0.429593563079834,0.4176393151283264,0.39452114701271057,0.38578930497169495,0.37924906611442566,0.3851694166660309,0.3669716715812683
hF39,0.2518432140350342,0.46981731057167053,0.2322501391172409,0.23759832978248596,0.23270300030708313,0.2507437467575073,0.23154562711715698,0.2773461937904358,0.28225624561309814,0.2521495223045349,0.22415083646774292,0.23756346106529236,0.21734946966171265,0.2385539412498474
hT127,0.2638149857521057,0.6246203184127808,0.32548463344573975,0.3209792375564575,0.3270135819911957,0.30837565660476685,0.2998642027378082,0.3677513897418976,0.35807597637176514,0.32732510566711426,,0.2969316244125366,0.2998397946357727,0.2901303470134735
hM19B,0.256089448928833,0.5633248090744019,0.29194819927215576,0.30133056640625,0.2945327162742615,0.2847212553024292,0.28086328506469727,0.36104530096054077,0.32963910698890686,0.3073466420173645,0.28219306468963623,0.2777876853942871,0.2740596830844879,0.2702990174293518
